PERIODO;ID;ENTORNO;NOMBRE;ETAPA;ETAPA_DETALLE;TIPO;AREA_RESPONSABLE;DESCRIPCION;MONTO_CONTRATO;COMUNA;BARRIO;CALLE_1;SECCION;MANZANA;PARCELA;DIRECCION;LAT;LNG;FECHA_INICIO;FECHA_FIN_INICIAL;PLAZO_MESES;PORCENTAJE_AVANCE;IMAGEN_1;IMAGEN_2;IMAGEN_3;IMAGEN_4;LICITACION_OFERTA_EMPRESA;LICITACION_ANIO;BENFICIARIOS;MANO_OBRA;PLIEGO_DESCARGA;
201704;1;DONADO HOLMBERG;ESCUELA SIGLO XXI;FINALIZADA;;ARQUITECTURA;MDUyT;LA ESCUELA SIGLO XXI SE DESTACA POR SU DISEÑO BIOAMBIENTAL Y LA IMPLEMENTACION DE CRITERIOS DE SUSTENTABILIDAD COMO EL USO DE PANELES FOTOVOLTAICOS, VENTILACION CRUZADA, SISTEMA DE RECUPERACION DE AGUA DE LLUVIA, UTILIZACION DE CUBIERTAS VERDES, SISTEMA DE PROTECCION SOLAR Y OSCURECIMIENTO, INCORPORACION DE VEGETACION CADUCA, INCORPORACION DE ESPECIES VEGETALES DE BAJO REQUERIMIENTO DE AGUA Y UTILIZACION DE COLECTORES SOLARES PLANOS PARA CALENTAMIENTO DE AGUA.;67065700;12;VILLA URQUIZA;DR. PEDRO IGNACIO RIVERA;53;91;016a;DR. PEDRO IGNACIO RIVERA 4221;-34.56759968380;-58.47894647820;02/12/2013;31/05/2016;30;100;http://cdn2.buenosaires.gob.ar/desarrollourbano/sociopublico/escuelasiglo21/escuelasiglo21_5.JPG;http://cdn2.buenosaires.gob.ar/desarrollourbano/sociopublico/escuelasiglo21/escuelasiglo21_9.JPG;http://cdn2.buenosaires.gob.ar/desarrollourbano/sociopublico/escuelasiglo21/escuelasiglo21_12.JPG;http://cdn2.buenosaires.gob.ar/desarrollourbano/sociopublico/escuelasiglo21/escuelasiglo21_23.JPG;CRIBA S.A.;2013;1094;51;http://www.buenosaires.gov.ar/areas/planeamiento_obras/licitations/web/frontend_dev.php/licitation/index/id/148;
201704;2;DONADO HOLMBERG;NIVELACION EN CRUCE DE LA CALLE HOLMBERG;FINALIZADA;;ESPACIO PUBLICO;MDUyT;EN EL MARCO DEL PROYECTO URBANO DEL “BARRIO PARQUE DONADO HOLMBERG”, SE CREA UN PARQUE LINEAL PLANTEADO COMO UN RECORRIDO, QUE INCLUYE PEQUEÑAS PLAZAS Y GENERA CONTINUIDAD FISICA Y ESPACIAL A LO LARGO DE TODA SU TRAZA, MEDIANTE LA NIVELACION DE LOS CRUCES EN LAS INTERSECCIONES DEL PAR HOLMBERG Y DONADO CON LAS CALLES TOMAS LE BRETON, PEDRO IGNACIO RIVERA, BLANCO ENCALADA, MENDOZA, VIRREY DEL PINO Y CARBAJAL.;9950016,71;12;VILLA URQUIZA|VILLA ORTUZAR;HOLMBERG;N/C;N/C;N/C;HOLMBERG ENTRE LE BRETON Y CARBAJAL;-34.57075448793;-58.47690939903;16/03/2015;15/07/2016;16;100;http://cdn2.buenosaires.gob.ar/desarrollourbano/sociopublico/nivelacioncrucesholmberg/nivelacion_holmberg.jpg;;;;ALTOTE S.A.;2014;;16;http://www.buenosaires.gov.ar/areas/planeamiento_obras/licitations/web/frontend_dev.php/licitation/index/id/165;
201704;3;AREA AMBIENTAL CENTRAL;CALLES ALSINA Y MORENO;EN EJECUCION;;ESPACIO PUBLICO;MDUyT;SE INTERVIENEN LOS TRAMOS COMPRENDIDOS ENTRE LA AVENIDA PRESIDENTE JULIO ARGENTINO ROCA Y LA CALLE DEFENSA, REALIZANDO OBRAS DE NIVELACION, COLOCACION DE DARSENAS DE CARGA Y DESCARGA, NUEVAS LUMINARIAS Y SE REEMPLAZARA EL PAVIMENTO POR EL GRANITULLO PARA RECUPERAR EL ASPECTO TRADICIONAL DE LA CALLE.;36942632,42;1;MONTSERRAT;ALSINA;N/C;N/C;N/C;ALSINA Y MORENO, ENTRE BERNARDO DE IRIGOYEN Y AV. PRESIDENTE JULIO A. ROCA;-34.61083788280;-58.37468280190;01/12/2016;16/08/2017;9;28,23;http://cdn2.buenosaires.gob.ar/desarrollourbano/sociopublico/moreno/moreno_despues.jpg;;;;ROL INGENIERIA S.A.;2016;;45;http://www.buenosaires.gov.ar/areas/planeamiento_obras/licitations/web/frontend_dev.php/licitation/index/id/227;
201704;4;AREA AMBIENTAL CENTRAL;CALLE ESMERALDA I;FINALIZADA;;ESPACIO PUBLICO;MDUyT;LA OBRA INCLUYE EL TRAMO UBICADO ENTRE LA AV. SANTA FE Y LA AV. DE MAYO, EN DONDE SE REALIZAN OBRAS DE NIVELACION CON EL OBJETIVO DE DEJAR UN CARRIL CENTRAL PARA TRANSITO LIVIANO, RESTRINGIENDO EL PASO DE COLECTIVOS. ADEMAS SE INSTALARAN NUEVAS LUMINARIAS Y SE PLANTARAN ARBOLES.;26938294,01;1;SAN NICOLAS|RETIRO;ESMERALDA;N/C;N/C;N/C;ESMERALDA ENTRE SANTA FE Y AV. DE MAYO;-34.59636408610;-58.37799435350;27/10/2014;28/02/2017;29;100;http://cdn2.buenosaires.gob.ar/desarrollourbano/sociopublico/esmeraldaunoprioridadpeatonal/calle_esmeralda_prioridadpeatonal1.jpg;http://cdn2.buenosaires.gob.ar/desarrollourbano/sociopublico/esmeraldaunoprioridadpeatonal/calle_esmeralda_prioridadpeatonal2.jpg;http://cdn2.buenosaires.gob.ar/desarrollourbano/sociopublico/esmeraldaunoprioridadpeatonal/calle_esmeralda_prioridadpeatonal3.jpg;;DAL CONSTRUCCIONES S.A.;2014;;59;http://www.buenosaires.gov.ar/areas/planeamiento_obras/licitations/web/frontend_dev.php/licitation/index/id/161;
201704;5;VILLA OLIMPICA;DEMOLICIONES EN EL PARQUE DE LA CIUDAD;FINALIZADA;;ARQUITECTURA;MDUyT;REALIZACION DE LAS DEMOLICIONES NECESARIAS DE LAS CONSTRUCCIONES EXISTENTES EN EL PREDIO DEL PARQUE DE LA CIUDAD DE BUENOS AIRES CON EL OBJETIVO DE LA CONSTRUCCION Y EMPLAZAMIENTO DE LA VILLA OLIMPICA EN LA COMUNA 8. ;6990315;8;VILLA SOLDATI;AV. ESCALADA;68;N/C;N/C;AV. ESCALADA 4218;-34.67503170750;-58.45545954400;20/12/2014;20/12/2015;12;100;http://cdn2.buenosaires.gob.ar/desarrollourbano/observatorio-de-obras/observatorio49.jpg;;;;SES S.A.;2014;;;http://www.buenosaires.gov.ar/areas/planeamiento_obras/licitations/web/frontend_dev.php/licitation/index/id/161;
201704;6;VILLA OLIMPICA;VILLA OLIMPICA. VIVIENDAS II;EN EJECUCION;;ARQUITECTURA;MDUyT;LA SEGUNDA LICITACION, COMPRENDE 3 EDIFICIOS, CON UNA SUPERFICIE APROXIMADA DE 13.000M2 DESTINADOS A VIVIENDA Y 470M2 QUE SERAN DESTINADOS A LOCALES COMERCIALES.;148823366,7;8;VILLA SOLDATI;AV. ESCALADA;68;N/C;N/C;AV. FERNANDEZ DE LA CRUZ, ESCALADA Y AV. ROCA;-34.67645019270;-58.45325161580;15/02/2016;30/08/2017;15;73,63;http://cdn2.buenosaires.gob.ar/desarrollourbano/sociopublico/villaolimpica/olimpica_render1.jpg;;;;EMACO S.A. - LANUSSE S.A. UTE;2015;;;http://www.buenosaires.gov.ar/areas/planeamiento_obras/licitations/web/frontend_dev.php/licitation/index/id/185;
201704;7;VILLA OLIMPICA;VILLA OLIMPICA. VIVIENDAS III;EN EJECUCION;;ARQUITECTURA;MDUyT;EL TERCER CONJUNTO LICITADO, ESTA INTEGRADO POR 3 EDIFICIOS DE UNOS 13.000M2 DE VIVIENDA Y 370M2 DESTINADOS A LOCALES COMERCIALES.;179192365,7;8;VILLA SOLDATI;AV. ESCALADA;68;N/C;N/C;AV. FERNANDEZ DE LA CRUZ, ESCALADA Y AV. ROCA;-34.67642132270;-58.45437304330;25/02/2016;15/10/2017;20;63,11;http://cdn2.buenosaires.gob.ar/desarrollourbano/sociopublico/villaolimpica/olimpica_render1.jpg;http://cdn2.buenosaires.gob.ar/desarrollourbano/sociopublico/villaolimpica/olimpica_render2.jpg;http://cdn2.buenosaires.gob.ar/desarrollourbano/sociopublico/villaolimpica/olimpica_render3.jpg;http://cdn2.buenosaires.gob.ar/desarrollourbano/sociopublico/villaolimpica/olimpica_render5.jpg;BRICONS S.A.I.C.F.I.;2015;;;http://www.buenosaires.gov.ar/areas/planeamiento_obras/licitations/web/frontend_dev.php/licitation/index/id/188;
201704;8;VILLA OLIMPICA;VILLA OLIMPICA. VIVIENDAS IV;EN EJECUCION;;ARQUITECTURA;MDUyT;LA CUARTA LICITACION PROPONE 3 EDIFICIOS, LOS CUALES CONTEMPLAN UNA SUPERFICIE DE APROXIMADAMENTE 14.050M2 DE VIVIENDA Y 380M2 DE LOCALES COMERCIALES.;163279321,7;8;VILLA SOLDATI;AV. ESCALADA;68;N/C;N/C;AV. FERNANDEZ DE LA CRUZ, ESCALADA Y AV. ROCA;-34.67595806250;-58.45391751360;15/02/2016;30/08/2017;19;74,78;http://cdn2.buenosaires.gob.ar/desarrollourbano/sociopublico/villaolimpica/olimpica_render1.jpg;http://cdn2.buenosaires.gob.ar/desarrollourbano/sociopublico/villaolimpica/olimpica_render2.jpg;http://cdn2.buenosaires.gob.ar/desarrollourbano/sociopublico/villaolimpica/olimpica_render3.jpg;http://cdn2.buenosaires.gob.ar/desarrollourbano/sociopublico/villaolimpica/olimpica_render5.jpg;DYCASA S.A.;2015;;;http://www.buenosaires.gov.ar/areas/planeamiento_obras/licitations/web/frontend_dev.php/licitation/index/id/189;
201704;9;VILLA OLIMPICA;VILLA OLIMPICA. VIVIENDAS IX;EN EJECUCION;;ARQUITECTURA;MDUyT;LA LICITACION NUMERO NUEVE CONTEMPLA LA CONSTRUCCION DE 3 EDIFICIOS DE APROXIMADAMENTE 9.900M2 DE VIVIENDA Y 250M2 QUE DESTINADOS A LOCALES COMERCIALES.;137837183;8;VILLA SOLDATI;AV. ESCALADA;68;N/C;N/C;AV. FERNANDEZ DE LA CRUZ, ESCALADA Y AV. ROCA;-34.67778184100;-58.45167443600;28/03/2016;31/12/2017;21;65,99;http://cdn2.buenosaires.gob.ar/desarrollourbano/sociopublico/villaolimpica/olimpica_render1.jpg;http://cdn2.buenosaires.gob.ar/desarrollourbano/sociopublico/villaolimpica/olimpica_render2.jpg;http://cdn2.buenosaires.gob.ar/desarrollourbano/sociopublico/villaolimpica/olimpica_render3.jpg;http://cdn2.buenosaires.gob.ar/desarrollourbano/sociopublico/villaolimpica/olimpica_render5.jpg;CRIBA S.A.;2015;;;http://www.buenosaires.gov.ar/areas/planeamiento_obras/licitations/web/frontend_dev.php/licitation/index/id/196;
201704;10;VILLA OLIMPICA;VILLA OLIMPICA. VIVIENDAS V;EN EJECUCION;;ARQUITECTURA;MDUyT;LA LICITACION CINCO COMPRENDE 3 EDIFICIOS DE APROXIMADAMENTE 13.000M2 DE VIVIENDA Y 230M2 QUE SERAN DESTINADOS A LOCALES COMERCIALES.;166503403,7;8;VILLA SOLDATI;AV. ESCALADA;68;N/C;N/C;AV. FERNANDEZ DE LA CRUZ, ESCALADA Y AV. ROCA;-34.67650803690;-58.45251567390;15/03/2016;30/09/2017;19;64,77;http://cdn2.buenosaires.gob.ar/desarrollourbano/sociopublico/villaolimpica/olimpica_render1.jpg;http://cdn2.buenosaires.gob.ar/desarrollourbano/sociopublico/villaolimpica/olimpica_render2.jpg;http://cdn2.buenosaires.gob.ar/desarrollourbano/sociopublico/villaolimpica/olimpica_render3.jpg;http://cdn2.buenosaires.gob.ar/desarrollourbano/sociopublico/villaolimpica/olimpica_render5.jpg;DYCASA S.A.;2015;;;http://www.buenosaires.gov.ar/areas/planeamiento_obras/licitations/web/frontend_dev.php/licitation/index/id/190;
201704;11;VILLA OLIMPICA;VILLA OLIMPICA. VIVIENDAS VI;EN EJECUCION;;ARQUITECTURA;MDUyT;LA SEXTA LICITACION COMPRENDE 3 EDIFICIOS DE LOS QUE SE DESTINARAN 11.700M2 A VIVIENDA Y 430M2 A LOCALES COMERCIALES.;160833300;8;VILLA SOLDATI;AV. ESCALADA;68;N/C;N/C;AV. FERNANDEZ DE LA CRUZ, ESCALADA Y AV. ROCA;-34.67561061570;-58.45356710870;15/02/2016;30/08/2017;19;61,26;http://cdn2.buenosaires.gob.ar/desarrollourbano/sociopublico/villaolimpica/olimpica_render1.jpg;http://cdn2.buenosaires.gob.ar/desarrollourbano/sociopublico/villaolimpica/olimpica_render2.jpg;http://cdn2.buenosaires.gob.ar/desarrollourbano/sociopublico/villaolimpica/olimpica_render3.jpg;http://cdn2.buenosaires.gob.ar/desarrollourbano/sociopublico/villaolimpica/olimpica_render5.jpg;CRIBA S.A.;2015;;;http://www.buenosaires.gov.ar/areas/planeamiento_obras/licitations/web/frontend_dev.php/licitation/index/id/191;
201704;12;VILLA OLIMPICA;VILLA OLIMPICA. VIVIENDAS VII;EN EJECUCION;;ARQUITECTURA;MDUyT;LA LICITACION SEPTIMA COMPRENDE LA CONSTRUCCION DE APROXIMADAMENTE 9.900M2 DE VIVIENDA Y ADEMAS 250M2 QUE SERAN DESTINADOS A LOCALES COMERCIALES.;123691183,1;8;VILLA SOLDATI;AV. ESCALADA;68;N/C;N/C;AV. FERNANDEZ DE LA CRUZ, ESCALADA Y AV. ROCA;-34.67789771820;-58.45248045860;25/02/2016;15/10/2017;20;60,01;http://cdn2.buenosaires.gob.ar/desarrollourbano/sociopublico/villaolimpica/olimpica_render1.jpg;http://cdn2.buenosaires.gob.ar/desarrollourbano/sociopublico/villaolimpica/olimpica_render2.jpg;http://cdn2.buenosaires.gob.ar/desarrollourbano/sociopublico/villaolimpica/olimpica_render3.jpg;http://cdn2.buenosaires.gob.ar/desarrollourbano/sociopublico/villaolimpica/olimpica_render5.jpg;CUNUMI S.A.;2015;;;http://www.buenosaires.gov.ar/areas/planeamiento_obras/licitations/web/frontend_dev.php/licitation/index/id/192;
201704;13;VILLA OLIMPICA;VILLA OLIMPICA. VIVIENDAS VIII;EN EJECUCION;;ARQUITECTURA;MDUyT;LA OCTAVA LICITACION COMPRENDE 4 EDIFICIOS DESTINADOS A LOS JUEGOS OLIMPICOS. SE CONSTRUIRAN APROXIMADAMENTE 12.900M2 DE VIVIENDA Y ADEMAS 410M2 QUE SERAN DESTINADOS A LOCALES COMERCIALES.;174609629,5;8;VILLA SOLDATI;AV. ESCALADA;68;N/C;N/C;AV. FERNANDEZ DE LA CRUZ, ESCALADA Y AV. ROCA;-34.67749236680;-58.45216510380;15/02/2016;15/11/2017;21;60,31;http://cdn2.buenosaires.gob.ar/desarrollourbano/sociopublico/villaolimpica/olimpica_render1.jpg;http://cdn2.buenosaires.gob.ar/desarrollourbano/sociopublico/villaolimpica/olimpica_render2.jpg;http://cdn2.buenosaires.gob.ar/desarrollourbano/sociopublico/villaolimpica/olimpica_render3.jpg;http://cdn2.buenosaires.gob.ar/desarrollourbano/sociopublico/villaolimpica/olimpica_render5.jpg;CONSTRUCTORA SUDAMERICANA S.A.;2015;;;http://www.buenosaires.gov.ar/areas/planeamiento_obras/licitations/web/frontend_dev.php/licitation/index/id/195;
201704;14;VILLA OLIMPICA;VILLA OLIMPICA. VIVIENDAS X;EN EJECUCION;;ARQUITECTURA;MDUyT;EL DECIMO CONJUNTO LICITADO, COMPLETA EL GRUPO DE LICITACIONES DE VIVIENDAS PARA LOS JUEGOS OLIMPICOS QUE POSTERIORMENTE DARAN RESPUESTA HABITACIONAL. COMPRENDE 2 EDIFICIOS DESTINADOS A LOS JUEGOS OLIMPICOS. SE CONSTRUIRAN APROXIMADAMENTE 7.000M2 DE VIVIENDA Y ADEMAS 130M2 QUE SERAN DESTINADOS A LOCALES COMERCIALES.;98174264,95;8;VILLA SOLDATI;AV. ESCALADA;68;N/C;N/C;AV. FERNANDEZ DE LA CRUZ, ESCALADA Y AV. ROCA;-34.67714503750;-58.45328658170;28/04/2016;15/11/2017;15;50,59;http://cdn2.buenosaires.gob.ar/desarrollourbano/sociopublico/villaolimpica/olimpica_render1.jpg;http://cdn2.buenosaires.gob.ar/desarrollourbano/sociopublico/villaolimpica/olimpica_render2.jpg;http://cdn2.buenosaires.gob.ar/desarrollourbano/sociopublico/villaolimpica/olimpica_render3.jpg;http://cdn2.buenosaires.gob.ar/desarrollourbano/sociopublico/villaolimpica/olimpica_render5.jpg;VIDOGAR CONSTRUCCIONES S.A.;2015;;;http://www.buenosaires.gov.ar/areas/planeamiento_obras/licitations/web/frontend_dev.php/licitation/index/id/197;
201704;16;VILLA OLIMPICA;VILLA OLIMPICA. VIVIENDAS I;EN EJECUCION;;ARQUITECTURA;MDUyT;LA LICITACION NUMERO UNO CONTEMPLA LA CONSTRUCCION DE 3 EDIFICIOS  DE USO MIXTO. SE DESTINARAN APROXIMADAMENTE 12.400M2 AL USO DE VIVIENDA Y 160M2 SERAN DESTINADOS A LOCALES COMERCIALES.;154853714,7;8;VILLA SOLDATI;AV. ESCALADA;68;123J;4;AV. FERNANDEZ DE LA CRUZ, ESCALADA Y AV. ROCA;-34.67618961590;-58.45311146780;10/06/2015;30/11/2017;30;54,37;http://cdn2.buenosaires.gob.ar/desarrollourbano/sociopublico/villaolimpica/olimpica_render1.jpg;http://cdn2.buenosaires.gob.ar/desarrollourbano/sociopublico/villaolimpica/olimpica_render2.jpg;http://cdn2.buenosaires.gob.ar/desarrollourbano/sociopublico/villaolimpica/olimpica_render3.jpg;http://cdn2.buenosaires.gob.ar/desarrollourbano/sociopublico/villaolimpica/olimpica_render5.jpg;CAVCON S.A.;2015;;;http://www.buenosaires.gov.ar/areas/planeamiento_obras/licitations/web/frontend_dev.php/licitation/index/id/182;
201704;17;PARQUE OLIMPICO;PARQUE OLIMPICO: DEMOLICION TOTAL, EXTRACCION DE ARBOLES, TRANSPLANTE DE ARBOLES, CERCO PERIMETRAL;FINALIZADA;;ESPACIO PUBLICO;MDUyT;CONSTRUCCION DEL CERCO OLIMPICO PERIMETRAL QUE DELIMITARA EL AREA DE INTERVENCION, RESGUARDANDO LA EJECUCION DE LOS TRABAJOS Y FUNCIONANDO COMO CERCO DEFINITIVO UNA VEZ TERMINADA LAS OBRAS. INCLUIRA TAMBIEN LAS TAREAS DE DEMOLICION DE LOS EDIFICIOS Y EQUIPAMIENTOS OBSOLETOS EXISTENTES Y LA EXTRACCION Y TRASPLANTE DE LOS ARBOLES Y ARBUSTOS DENTRO DEL MISMO PREDIO.;48590603,72;8;VILLA SOLDATI;AV. CORONEL ROCA;58;014H;0;AV. CORONEL ROCA, AU HECTOR CAMPORA, AV 27 DE FEBRERO Y ARROYO CILDAÑEZ;-34.67419390884;-58.44596743583;28/12/2016;28/03/2017;3;100;http://cdn2.buenosaires.gob.ar/desarrollourbano/observatorio-de-obras/observatorio138.jpg;http://cdn2.buenosaires.gob.ar/desarrollourbano/observatorio-de-obras/observatorio139.jpg;http://cdn2.buenosaires.gob.ar/desarrollourbano/observatorio-de-obras/observatorio123.JPG;http://cdn2.buenosaires.gob.ar/desarrollourbano/observatorio-de-obras/observatorio124.JPG;SALVATORI S.A.;2016;;;http://www.buenosaires.gov.ar/areas/planeamiento_obras/licitations/web/frontend_dev.php/licitation/index/id/235;
201704;18;PARQUE OLIMPICO;PARQUE OLIMPICO: INSTALACION DE RED DE AGUA POTABLE, INCENDIO CLOACAL Y PLUVIAL Y RED DE GAS;EN EJECUCION;;INFRAESTRUCTURA;MDUyT;OBRAS DE INFRAESTRUCTURA DE LAS NUEVAS REDES INTERNAS DE AGUA POTABLE, DESAGUES CLOACALES, DESAGUES PLUVIALES Y RED DE GAS, QUE SERVIRAN A LOS FUTUROS PABELLONES Y EQUIPAMIENTOS DEPORTIVOS DEL PARQUE OLIMPICO.;42340809,4;8;VILLA SOLDATI;AV. CORONEL ROCA;N/C;N/C;N/C;AV. CORONEL ROCA, AU HECTOR CAMPORA, AV 27 DE FEBRERO Y ARROYO CILDAÑEZ;-34.67204097159;-58.43932628631;30/01/2017;30/12/2017;11;16,08;http://cdn2.buenosaires.gob.ar/desarrollourbano/observatorio-de-obras/iconos_infraestructura.jpg;;;;TECMA S.A.;2016;;;http://www.buenosaires.gov.ar/areas/planeamiento_obras/licitations/web/frontend_dev.php/licitation/index/id/243;
201704;19;PARQUE OLIMPICO;PARQUE OLIMPICO: PABELLONES A1 Y A2;EN EJECUCION;;ARQUITECTURA;MDUyT;OBRA DE LOS PABELLONES QUE ALBERGARAN LOS DIFERENTES EQUIPAMIENTOS DEPORTIVOS.;194988604;8;VILLA SOLDATI;AV. CORONEL ROCA;58;014H;0;AV. CORONEL ROCA, AU HECTOR CAMPORA, AV 27 DE FEBRERO Y ARROYO CILDAÑEZ;-34.67355862170;-58.43972325325;15/02/2017;15/02/2018;12;11,22;http://cdn2.buenosaires.gob.ar/desarrollourbano/observatorio-de-obras/observatorio137.jpg;;;;CONSTRUCTORA SUDAMERICANA S.A.;2016;;;http://www.buenosaires.gov.ar/areas/planeamiento_obras/licitations/web/frontend_dev.php/licitation/index/id/252;
201704;20;PARQUE OLIMPICO;PARQUE OLIMPICO: PABELLONES A3 Y A4;EN EJECUCION;;ARQUITECTURA;MDUyT;LOS PABELLONES INCLUYEN LA INFRAESTRUCTURA DEPORTIVA PARA LOS JUEGOS OLIMPICOS.;168646365,8;8;VILLA SOLDATI;AV. CORONEL ROCA;58;014H;0;AV. CORONEL ROCA, AU HECTOR CAMPORA, AV 27 DE FEBRERO Y ARROYO CILDAÑEZ;-34.67387626588;-58.44459414482;15/02/2017;15/02/2018;12;4,84;http://cdn2.buenosaires.gob.ar/desarrollourbano/observatorio-de-obras/observatorio133.jpg;http://cdn2.buenosaires.gob.ar/desarrollourbano/observatorio-de-obras/observatorio134.jpg;;;CRIBA S.A.;2016;;;http://www.buenosaires.gov.ar/areas/planeamiento_obras/licitations/web/frontend_dev.php/licitation/index/id/253;
201704;21;PARQUE OLIMPICO;PARQUE OLIMPICO: ESPACIO PUBLICO, EQUIPAMIENTO DEPORTIVO EXTERIOR ;EN LICITACION;;ESPACIO PUBLICO;MDUyT;LA LICITACION PROPONE REACONDICIONAR Y MODERNIZAR EL ESPACIO PUBLICO Y LAS AREAS DEPORTIVAS AL AIRE LIBRE QUE INCLUYEN: 2 PISTAS DE ATLETISMO, CANCHAS DE HOCKEY, BEACH HANDBALL, BEACH VOLEY Y BASKET.ADEMAS, CONTEMPLA LA PUESTA EN VALOR DEL PORTICO DE ACCESO AL PARQUE OLIMPICO, LA CONSTRUCCION DE UNA CABINA DE CONTROL CON SU SECTOR DE SERVICIOS Y LA REHABILITACION DE LA TORRE TANQUE PARA ACONDICIONARLA E INCLUIRLA AL SISTEMA DE PROTECCION CONTRA INCENDIOS.;N/C;8;VILLA SOLDATI;AV. CORONEL ROCA;58;014H;0;AV. CORONEL ROCA, AU HECTOR CAMPORA, AV 27 DE FEBRERO Y ARROYO CILDAÑEZ;-34.67234097439;-58.44450831413;N/C;N/C;N/C;N/C;http://cdn2.buenosaires.gob.ar/desarrollourbano/observatorio-de-obras/imagenesobservatorio/parqueolimpicoedificiosadministrativosypatinodromo.jpg;;;;N/C;2017;;;http://www.buenosaires.gov.ar/areas/planeamiento_obras/licitations/web/frontend_dev.php/licitation/index/id/271;
201704;22;PARQUE OLIMPICO;PABELLON C;EN EJECUCION;;ARQUITECTURA;MDUyT;EL PABELLON C COMPRENDE LA EJECUCION DEL COMPLEJO NATATORIO, QUE INCLUYE UNA PISCINA DE SALTOS CON PLATAFORMAS, UNA PISCINA DE NADO DE OCHO CARRILES Y LAS INSTALACIONES COMPLEMENTARIAS PARA LA REALIZACION DE LAS COMPETENCIAS, COMO SALA DE CRONOMETRAJE, SANITARIOS, SALAS DE MUSCULACION Y PREPARACION DE DEPORTISTAS, SALAS DE MAQUINAS Y GRADAS PARA ESPECTADORES.;508091151,1;8;VILLA SOLDATI;AV. ROCA;58;014H;0;AV. CORONEL ROCA, AU HECTOR CAMPORA, AV 27 DE FEBRERO Y ARROYO CILDAÑEZ;-34.67549976155;-58.44316720962;25/04/2017;26/06/2018;12;0,1;http://cdn2.buenosaires.gob.ar/desarrollourbano/observatorio-de-obras/observatorio132.jpg;;;;NIRO CONSTRUCCIONES S.A.;2017;;;http://www.buenosaires.gov.ar/areas/planeamiento_obras/licitations/web/frontend_dev.php/licitation/index/id/257;
201704;23;PARQUE OLIMPICO;PARQUE OLIMPICO: EDIFICIOS ADMINISTRATIVOS Y PATINODROMO;EN PROYECTO;;ARQUITECTURA;MDUyT;CONSTRUCCION DE LOS EDIFICIOS ADMINISTRATIVOS DEL PARQUE OLIMPICO.;N/C;8;VILLA SOLDATI;AV. CORONEL ROCA;58;014H;0;AV. CORONEL ROCA, AU HECTOR CAMPORA, AV 27 DE FEBRERO Y ARROYO CILDAÑEZ;-34.67617032656;-58.43906879425;N/C;N/C;N/C;N/C;http://cdn2.buenosaires.gob.ar/desarrollourbano/observatorio-de-obras/iconos_arquitectura.jpg;;;;N/C;N/C;;;N/C;
201704;24;VILLA OLIMPICA;RED DE AGUA Y CLOACAS DE VILLA OLIMPICA;EN EJECUCION;;INFRAESTRUCTURA;MDUyT;OBRAS DE INFRAESTRUCTURA COMPLEMENTARIA AL PREDIO DE VILLA OLIMPICA, DE REDES DE AGUA POTABLE Y DESAGUES CLOACALES.;35787389,98;8;VILLA SOLDATI;AV. ESCALADA;N/C;N/C;N/C;AV. ESCALADA;-34.67881724069;-58.45158934593;01/09/2016;01/09/2017;12;63,18;http://cdn2.buenosaires.gob.ar/desarrollourbano/observatorio-de-obras/imagenesobservatorio/reddeaguaycloacasdevillaolimpica.jpg;;;;RECONSTRUCCIoN DE CAÑOS S.A.;2016;;;http://www.buenosaires.gov.ar/areas/planeamiento_obras/licitations/web/frontend_dev.php/licitation/index/id/208;
201704;25;VILLA OLIMPICA;INFRAESTRUCTURA ELECTRICA DE VILLA OLIMPICA;EN EJECUCION;;INFRAESTRUCTURA;MDUyT;REALIZACION DE LA INFRAESTRUCTURA ELECTRICA NECESARIA PARA LAS INSTALACIONES EN LA VILLA OLIMPICA. ;54936732,72;8;VILLA SOLDATI;AV. ESCALADA;N/C;N/C;N/C;AV. ESCALADA;-34.68352853852;-58.46077322959;13/02/2017;01/03/2018;12;10,04;http://cdn2.buenosaires.gob.ar/desarrollourbano/observatorio-de-obras/imagenesobservatorio/infraestructuraelectricavillaolimpica.jpg;;;;URBAN BAIRES S.A.;2016;;;http://www.buenosaires.gov.ar/areas/planeamiento_obras/licitations/web/frontend_dev.php/licitation/index/id/238;
201704;26;VILLA OLIMPICA;ESTACION REGULADORA Y DISTRIBUCION DE GAS DE VILLA OLIMPICA;EN EJECUCION;;INFRAESTRUCTURA;MDUyT;REALIZACION DE LA INFRAESTRUCTURA NECESARIA PARA EL ABASTECIMIENTO DE LA RED DE DISTRIBUCION DE GAS EN MEDIA PRESION DENTRO DE LA VILLA OLIMPICA Y LA CONEXION AL GASODUCTO EXISTENTE DE ALTA PRESION. LA INSTALACION SE REALIZARA SOBRE LA AV. ESCALADA PARA GARANTIZAR LA CORRECTA DISTRIBUCION DE GAS A TODOS LOS EDIFICIOS E INSTALACIONES QUE COMPRENDA EL PREDIO.;15242432,06;8;VILLA SOLDATI;AV. ESCALADA;N/C;N/C;N/C;AV. ESCALADA 4214;-34.67644933710;-58.45531996760;01/09/2016;15/09/2017;13;51,35;http://cdn2.buenosaires.gob.ar/desarrollourbano/observatorio-de-obras/imagenesobservatorio/estacionreguladoraydistribuciondegasdevillaolimpicaa.JPG;;;;UCSA S.A.;2016;;;http://www.buenosaires.gov.ar/areas/planeamiento_obras/licitations/web/frontend_dev.php/licitation/index/id/207;
201704;27;PARQUE OLIMPICO;PABELLON B;EN LICITACION;ADJUDICADA;ARQUITECTURA;MDUyT;LA OBRA ABORDA LA CONSTRUCCION DEL PABELLON QUE ALBERGARA LA COMPETENCIA DE GIMNASIA ARTISTICA Y CONTARA A SU VEZ, CON LOS SERVICIOS NECESARIOS PARA SU FUNCIONAMIENTO, COMO VESTUARIOS, BAÑOS GENERALES, OFICINAS Y LOS ESPACIOS NECESARIOS DE LOGISTICA Y ENFERMERIA Y DOPING.;283389377,4;8;VILLA SOLDATI;AV. ROCA;58;014H;0;AV. CORONEL ROCA, AU HECTOR CAMPORA, AV 27 DE FEBRERO Y ARROYO CILDAÑEZ;-34.67373509084;-58.44295263290;N/C;N/C;N/C;N/C;http://cdn2.buenosaires.gob.ar/desarrollourbano/observatorio-de-obras/iconos_arquitectura.jpg;;;;CRIBA S.A.;2017;;;http://www.buenosaires.gov.ar/areas/planeamiento_obras/licitations/web/frontend_dev.php/licitation/index/id/258;
201704;28;PARQUE OLIMPICO;PARQUE OLIMPICO: INFRAESTRUCTURA ELECTRICA;EN EJECUCION;;INFRAESTRUCTURA;MDUyT;LA LICITACION PREVE EL REACONDICIONAMIENTO Y MODERNIZACION DE LAS INSTALACIONES EXISTENTES EN EL PARQUE OLIMPICO Y LA EJECUCION DE LA NUEVA RED PARA LA DISTRIBUCION DE ENERGIA EN LOS FUTUROS PABELLONES Y EDIFICIOS ADMINISTRATIVOS. LA OBRA INCLUIRA UNA SUB ESTACION DE ENTRADA DE ENERGIA, GRUPO ELECTROGENO DE EMERGENCIA, TRANSFORMADORES ELEVADORES DE TENSION E INSTALACIONES DE ALIMENTACION EN LOS EDIFICIOS.;54936732,72;8;VILLA SOLDATI;AV. CORONEL ROCA;N/C;N/C;N/C;AV. CORONEL ROCA, AU HECTOR CAMPORA, AV 27 DE FEBRERO Y ARROYO CILDAÑEZ;-34.67415861524;-58.43859672546;13/02/2017;13/02/2018;12;0,98;http://cdn2.buenosaires.gob.ar/desarrollourbano/observatorio-de-obras/imagenesobservatorio/parqueolimpicoinfraestructuraelectrica.JPG;;;;URBAN BAIRES S.A.;2016;;;http://www.buenosaires.gov.ar/areas/planeamiento_obras/licitations/web/frontend_dev.php/licitation/index/id/242;
201704;29;VILLA OLIMPICA;ESPACIO PUBLICO DE VILLA OLIMPICA;EN EJECUCION;;ESPACIO PUBLICO;MDUyT;CONSTRUCCION Y REVALORIZACION DEL ESPACIO PUBLICO ADYACENTE AL PREDIO DE LAS NUEVAS VIVIENDAS DE VILLA OLIMPICA.;113437806,7;8;VILLA SOLDATI;AV. ESCALADA;N/C;N/C;N/C;AV. ESCALADA;-34.67600268581;-58.45286071300;01/03/2017;02/07/2018;16;2,75;http://cdn2.buenosaires.gob.ar/desarrollourbano/observatorio-de-obras/imagenesobservatorio/espaciopublicovillaolimpica.jpg;;;;CONORVIAL S.A.;2016;;;http://www.buenosaires.gov.ar/areas/planeamiento_obras/licitations/web/frontend_dev.php/licitation/index/id/241;
201704;30;VILLA OLIMPICA;JARDIN MATERNAL EN VILLA OLIMPICA;EN EJECUCION;;ARQUITECTURA;MDUyT;EL NUEVO JARDIN MATERNAL ESTARA EMPLAZADO EN LA URBANIZACION DE LA VILLA OLIMPICA LINDANTE AL HOSPITAL CECILIA GRIERSON, FORMANDO UN POLO CON INFRAESTRUCTURA EDUCATIVA Y DE CONTENCION EN UNA LOCALIZACION DE FACIL ACCESO.;48500000;8;VILLA SOLDATI;AV. ESCALADA;68;123A;0;AV. ESCALADA;-34.67290568262;-58.45753312110;02/01/2017;01/09/2017;8;21,98;http://cdn2.buenosaires.gob.ar/desarrollourbano/observatorio-de-obras/observatorio131.jpg;http://cdn2.buenosaires.gob.ar/desarrollourbano/observatorio-de-obras/observatorio129.jpg;;;CUNUMI S.A.;2016;;;http://www.buenosaires.gov.ar/areas/planeamiento_obras/licitations/web/frontend_dev.php/licitation/index/id/237;
201704;31;VILLA OLIMPICA;RED VIAL Y PLUVIAL DE VILLA OLIMPICA;EN EJECUCION;;INFRAESTRUCTURA;MDUyT;PROYECTO DE LA RED PLUVIAL DE CAPTACION Y CONDUCCION DE LOS EXCEDENTES PLUVIALES DE LA ZONA DE IMPLANTACION DE LOS EDIFICIOS DE VIVIENDA DE LA COMUNA 8. LA RED PROYECTADA SE CONECTARA EN DISTINTOS PUNTOS AL RAMAL ESCALADA.;86226253,36;8;VILLA SOLDATI;AV. ESCALADA;N/C;N/C;N/C;AV. ESCALADA 4218;-34.67664789070;-58.45506726630;02/05/2016;31/07/2017;15;61,11;http://cdn2.buenosaires.gob.ar/desarrollourbano/observatorio-de-obras/observatorio18.png;http://cdn2.buenosaires.gob.ar/desarrollourbano/observatorio-de-obras/observatorio30.png;;;UCSA S.A.;2015;;;http://www.buenosaires.gov.ar/areas/planeamiento_obras/licitations/web/frontend_dev.php/licitation/index/id/203;
201704;32;PASEO DEL BAJO;TRAMO A - VIADUCTOS DEL PASEO DEL BAJO;EN EJECUCION;;TRANSPORTE;MDUyT;EL PASEO DEL BAJO TIENE MARCO DENTRO DEL PLAN DE MOVILIDAD SUSTENTABLE Y CONSTITUYE UNA OBRA DE INFRAESTRUCTURA DE TRANSPORTE Y ESPACIO PUBLICO A REALIZAR POR EL ESTADO NACIONAL, EN COORDINACION CON EL GCBA.  PROPONE UNA ORGANIZACION VIAL QUE MEJORARA SUSTANCIALMENTE LA CIRCULACION DE MAS DE 25.000 VEHICULOS, ENTRE ELLOS CASI 10.000 CAMIONES, ACORTARA TIEMPOS DE VIAJE, REDUCIRA LA CONTAMINACION VISUAL, SONORA Y DEL AIRE, Y AUMENTARA LA SEGURIDAD VEHICULAR Y DE PEATONES. ESTA OBRA TENDRA MAS DE 6 KILOMETROS DE EXTENSION CONECTANDO EL SUR CON EL NORTE DE LA CIUDAD, EN SU GRAN MAYORIA UN DISEÑO DE TRINCHERA ABIERTA CON CUATRO CARRILES (DOS EN CADA SENTIDO) POR DONDE CIRCULARA EXCLUSIVAMENTE TRANSITO PESADO COMO CAMIONES Y MICROS. IRA ENTRE ALICIA MOREAU DE JUSTO Y MADERO-HUERGO, Y LUEGO EN LA ZONA DE RETIRO CIRCULARA POR AV. RAMOS MEJIA, ANTARTIDA ARGENTINA Y CASTILLO. AL COSTADO DE LA TRINCHERA PARA VEHICULOS PESADOS, SOBRE LAS AVENIDAS ALICIA MOREAU DE JUSTO Y MADERO-HUERGO, SE UBICARAN LOS CARRILES PARA TRANSITO LIVIANO. HABRA CUATRO CARRILES CON SENTIDO NORTE Y CUATRO AL SUR (DOS CON VELOCIDAD MAXIMA DE 60 Y DOS DE 40 KILOMETROS POR HORA), SEPARADOS POR UN BOULEVARD DE USO EXCLUSIVO PARA AUTOS Y COLECTIVOS DE CORTA DISTANCIA. DE ESTE MODO SE EVITARA QUE CIRCULEN AL LADO DE CAMIONES Y MICROS. EL “PASEO DEL BAJO” CONTEMPLA ADEMAS LA CREACION DE NUEVOS ESPACIOS VERDES QUE APORTARAN EN METROS CUADRADOS LO EQUIVALENTE A CASI DOS “PARQUE LEZAMA” Y QUE ESTARAN UBICADOS A LOS COSTADOS DE LOS CARRILES PARA VEHICULOS LIVIANOS Y SOBRE LA TRINCHERA PARA CAMIONES, POR UN TOTAL DE MAS DE 60.000 METROS CUADRADOS. ADEMAS, SE CREARAN NUEVAS CICLOVIAS PARA FACILITAR EL ACCESO Y FOMENTAR LA RECREACION Y LA MOVILIDAD SUSTENTABLE EN LA ZONA.;1547000000;1;PUERTO MADERO|RETIRO;AV. ALICIA MOREAU DE JUSTO;N/C;N/C;N/C;AV. ALICIA MOREAU DE JUSTO, AV. HUERGO;-34.58001242751;-58.37813973426;02/01/2017;15/04/2019;28;3,1;http://cdn2.buenosaires.gob.ar/desarrollourbano/sociopublico/paseodelbajo/paseo_1.jpg;http://cdn2.buenosaires.gob.ar/desarrollourbano/sociopublico/paseodelbajo/paseo_3.jpg;http://cdn2.buenosaires.gob.ar/desarrollourbano/sociopublico/paseodelbajo/paseo_4.jpg;http://cdn2.buenosaires.gob.ar/desarrollourbano/sociopublico/paseodelbajo/paseo_6.jpg;CORSAN CORVIAM;2016;;;https://www.ausa.com.ar/licitaciones-publicas-detalle/?l=98;
201704;33;PASEO DEL BAJO;TRAMO B - TRINCHERA SEMICUBIERTA SUR DEL PASEO DEL BAJO;EN EJECUCION;;TRANSPORTE;MDUyT;"EL TRAMO ""B"" DEL PROYECTO, CONTEMPLA EL RECORRIDO DESDE EL VIADUCTO SUR QUE CONECTA CON LAS AUTOPISTAS 25 DE MAYO Y BUENOS AIRES-LA PLATA HASTA EL COMIENZO DEL TRAMO ""C"" EN CERCANIAS AL PARQUE CENTRAL. SE DESARROLLA EN TRINCHERA SEMI CUBIERTA, CON TRAMOS PEATONALES Y CALLES VEHICULARES PASANTES.";1640500000;1;PUERTO MADERO;AV. ALICIA MOREAU DE JUSTO;N/C;N/C;N/C;AV. ALICIA MOREAU DE JUSTO, AV. HUERGO;-34.61413775269;-58.36625218391;02/01/2017;15/04/2019;28;3,2;http://cdn2.buenosaires.gob.ar/desarrollourbano/observatorio-de-obras/iconos_transporte.jpg;;;;GREEN SEOSA PBT UTE;2016;;;https://www.ausa.com.ar/licitaciones-publicas-detalle/?l=99;
201704;34;PASEO DEL BAJO;TRAMO C - TRINCHERA SEMICUBIERTA NORTE DEL PASEO DEL BAJO;EN EJECUCION;;TRANSPORTE;MDUyT;"EL TRAMO ""C""  SE DESARROLLA DESDE EL FINAL DEL TRAMO ""B"" EN CERCANIAS DEL PARQUE CENTRAL HASTA EL COMIENZO DEL VIADUCTO NORTE EN EL AREA DE RETIRO. EL PRIMER TRAMO, AL IGUAL QUE EL TRAMO ""B"", SE LLEVA A CABO EN TRINCHERA SEMI CUBIERTA,  CON TRAMOS PEATONALES Y CALLES VEHICULARES PASANTES Y LA SEGUNDA PARTE, A LA ALTURA DE LA PLAZA CANADA, EN RETIRO, SE LLEVARA A CABO A NIVEL.";3183200000;1;PUERTO MADERO|RETIRO;AV. ALICIA MOREAU DE JUSTO;N/C;N/C;N/C;AV. ALICIA MOREAU DE JUSTO, AV. HUERGO;-34.60076837183;-58.36786150932;02/01/2017;15/04/2019;28;3,1;http://cdn2.buenosaires.gob.ar/desarrollourbano/observatorio-de-obras/iconos_transporte.jpg;;;;IECSA - FONTANA NICASTRO UTE;2016;;;https://www.ausa.com.ar/licitaciones-publicas-detalle/?l=100;
201704;35;RED PLUVIAL V;RAMAL AUSTRIA I;EN EJECUCION;;HIDRAULICA;MDUyT;"LA OBRA CONSISTE EN UN CONDUCTO DE CUATRO METROS DE DIAMETRO, REALIZADO MEDIANTE LA METODOLOGIA DE TUNEL DE EXCAVACION MANUAL CON REVESTIMIENTO METALICO TIPO ""LINNER"", QUE EN SU PRIMERA ETAPA DE EJECUCION SE COMPLEMENTA CON OCHO CAMARAS DE ATAQUE DE 4 METROS DE DIAMETRO EJECUTADAS CON LA MISMA TECNOLOGIA.";75368613;2;RECOLETA;AUSTRIA;N/C;N/C;N/C;AUSTRIA ENTRE AV. DEL LIBERTADOR Y AV. FIGUEROA ALCORTA;-34.58246808197;-58.39677572250;26/05/2015;30/04/2017;23;99,99;http://cdn2.buenosaires.gob.ar/desarrollourbano/observatorio-de-obras/observatorio116.jpg;;;;TECMA S.A.;2015;441092;50;http://www.buenosaires.gov.ar/areas/planeamiento_obras/licitations/web/frontend_dev.php/licitation/index/id/183;
201704;37;N/C;AMPLIACION RED PLUVIAL VII: RAMAL CAAGUAZU;EN EJECUCION;;HIDRAULICA;MDUyT;LOS TRABAJOS DE LA OBRA HIDRAULICA DEL RAMAL CAAGUAZU CONSISTEN EN LA AMPLIACION DE LA CAPACIDAD DE LOS RAMALES, PARA ALIVIAR LA RED EXISTENTE Y EVITAR LOS ANEGAMIENTOS SOBRE AV. RIVADAVIA Y CALLE YERBAL. CONSTARA DE DOS CONDUCTOS: EL PRIMERO SE INICIA EN LA ESQUINA DE LA CALLE YERBAL Y RECORRE LAS CALLES YERBAL Y URDANETA, HASTA AV. RIVADAVIA Y LA SEGUNDA COMIENZA EN LA ESQUINA DE CAAGUAZU DESDE OLIDEN, PASANDO POR CALLE RAMON L. FALCON.;69200042,9;9;LINIERS;CAAGUAZU;N/C;N/C;N/C;CAAGUAZU ENTRE OLIDEN Y RAMON FALCON Y RAMON FALCON ENTRE CAAGUAZU Y AV. ESCALADA;-34.64028747488;-58.51119875907;28/07/2016;01/10/2017;14;51,76;http://cdn2.buenosaires.gob.ar/desarrollourbano/observatorio-de-obras/imagenesobservatorio/ampliacionredpluvialsieteramalcaguazu.jpg;;;;CONSTRUERE INGENIERIA S.A. - SES S.A. UTE;2016;;;http://www.buenosaires.gov.ar/areas/planeamiento_obras/licitations/web/frontend_dev.php/licitation/index/id/200;
201704;38;N/C;AMPLIACION RED PLUVIAL VI: RAMAL ESCALADA;EN EJECUCION;;HIDRAULICA;MDUYT;OBRA DE MEJORAMIENTO Y READECUACION DE LA RED PLUVIAL VI, PARA EL MEJOR ESCURRIMIENTO DE LAS PRECIPITACIONES EN LA COMUNA 8.;52685355,96;8;VILLA SOLDATI|VILLA LUGANO;AV. ESCALADA;N/C;N/C;N/C;AV ESCALADA;-34,66545828;-58,46881986;22/08/2016;22/10/2017;14;35,42;http://cdn2.buenosaires.gob.ar/desarrollourbano/observatorio-de-obras/masobras/ramalescalada.jpg;;;;ALTOTE S.A. - NAKU CONSTRUCCIONES S.R.L. - (UTE);2015;;;http://www.buenosaires.gov.ar/areas/planeamiento_obras/licitations/web/frontend_dev.php/licitation/index/id/204;
201704;39;N/C;AMPLIACION DE LA RED PLUVIAL IV;FINALIZADA;;HIDRAULICA;MDUyT;LA OBRA CONSISTE EN LA EJECUCION DE CONDUCTOS CIRCULARES CON SUS RESPECTIVAS CAMARAS, SUMIDEROS, NEXOS Y DEMAS COMPONENTES SECUNDARIOS, A FIN DE RESOLVER, EN DISTINTAS UBICACIONES, LOS PROBLEMAS DE ANEGAMIENTOS PRODUCIDOS POR LA FALTA DE RED DE CAPTACION PLUVIAL, COMPLEMENTARIOS AL PLAN DIRECTOR DE ORDENAMIENTO HIDRAULICO.;24536125,77;12;COGHLAN;AV. CONGRESO;N/C;N/C;N/C;AV. CONGRESO;-34.58913373480;-58.38189613150;16/06/2014;31/10/2016;29;100;http://cdn2.buenosaires.gob.ar/desarrollourbano/observatorio-de-obras/masobras/ampliaciondelaredpluvial4.jpg;;;;ALTOTE S.A. - NAKU CONSTRUCCIONES S.R.L. - (UTE);2013;1000000;17;http://www.buenosaires.gov.ar/areas/planeamiento_obras/licitations/web/frontend_dev.php/licitation/index/id/154;
201704;40;CENTRO DE EXPOSICIONES Y CONVENCIONES;CENTRO DE EXPOSICIONES Y CONVENCIONES;FINALIZADA;;ARQUITECTURA;MDUyT;EL EQUIPAMIENTO METROPOLITANO DEL CENTRO DE EXPOSICIONES Y CONVENCIONES SE PROYECTO A PARTIR DE LA IDEA DE SOTERRAR EL EDIFICIO PARA LIBERAR SUPERFICIE E INTEGRAR LA CUBIERTA VERDE AL PARQUE THAYS Y LA PLAZA DE LAS NACIONES UNIDAS, FORMANDO UN GRAN PARQUE PUBLICO. SE UBICA EN EL PREDIO DE AVENIDA FIGUEROA ALCORTA, AL LADO DE LA FACULTAD DE DERECHO, CONSTITUYENDO UN ENCLAVE ESTRATEGICO DE LA CIUDAD DE BUENOS AIRES, DADA SU LOCALIZACION Y SU POTENCIALIDAD SIMBOLICA Y ESPACIAL. EL EDIFICIO TENDRA CAPACIDAD PARA 5.000 ASISTENTES Y ESTARA CONFORMADO POR UNA SALA PLENARIA Y OTRAS SALAS AUXILIARES DIVISIBLES. TAMBIEN CONTARA CON OFICINAS, ESPACIOS PARA REUNIONES, UN RESTAURANT, UN ESTACIONAMIENTO PARA 900 VEHICULOS Y UN FOYER DE 1.600 M². A SU VEZ, TENDRA ACCESO A LA FUTURA ESTACION FACULTAD DE DERECHO DE LA LINEA H.;313660000;2;RECOLETA;COUTURE, EDUARDO J.;15;175C;0;COUTURE, EDUARDO J. Y VAZ FERREIRA, CARLOS;-34.58351172990;-58.38803036920;20/12/2014;31/12/2016;25;100;http://cdn2.buenosaires.gob.ar/desarrollourbano/observatorio-de-obras/observatorio140.jpg;http://cdn2.buenosaires.gob.ar/desarrollourbano/observatorio-de-obras/observatorio148.jpg;http://cdn2.buenosaires.gob.ar/desarrollourbano/observatorio-de-obras/observatorio149.jpg;http://cdn2.buenosaires.gob.ar/desarrollourbano/observatorio-de-obras/observatorio150.jpg;CRIBA S.A. - MEJORES HOSPITALES S.A. UTE;2013;;170;http://www.buenosaires.gov.ar/areas/planeamiento_obras/licitations/web/frontend_dev.php/licitation/index/id/155;
201704;41;EDIFICIO LEZAMA;EDIFICIO LEZAMA: OBRA CIVIL;FINALIZADA;RECEPCION PROVISORIA;ARQUITECTURA;MDUyT;LA OBRA DEL PALACIO LEZAMA SE INTEGRA DENTRO DEL PLAN DE DESCENTRALIZACION ADMINISTRATIVA DEL GOBIERNO PORTEÑO AL SUR DE LA CIUDAD. EL EDIFICIO ES PATRIMONIO HISTORICO DE LA CIUDAD Y UN HITO EN LA MEMORIA URBANA DEL BARRIO DE BARRACAS QUE SE ENCUENTRA SOBRE LA AVENIDA MARTIN GARCIA, ENTRE IRAOLA Y AV. REGIMIENTO DE LOS PATRICIOS, EN UNA SUPERFICIE APROXIMADA DE 30.000 M2, DISTRIBUIDOS EN PLANTA BAJA Y 6 PISOS, CON ACCESO DE VEHICULOS POR CALLE PILCOMAYO. FUE REMODELADO Y RESTAURADO INTEGRAMENTE, RESPETADO LA FACHADA ORIGINAL, PARA SATISFACER LOS REQUERIMIENTOS TECNOLOGICOS, FUNCIONALES Y DE SEGURIDAD DE LAS DEPENDENCIAS QUE TRABAJARAN ALLI. EL EDIFICIO TIENE CAPACIDAD PARA 3.100 PUESTOS DE TRABAJO, CORRESPONDIENTES AL MINISTERIO DE MODERNIZACION, MINISTERIO DE DESARROLLO URBANO Y TRANSPORTE, MINISTERIO DE AMBIENTE Y ESPACIO PUBLICO Y SINDICATURA GENERAL.;52831053,2;4;LA BOCA;AV. MARTIN GARCIA;8;72;003C;AV. MARTIN GARCIA 346;-34.62940581620;-58.36915751080;13/03/2015;30/12/2016;22;100;http://cdn2.buenosaires.gob.ar/desarrollourbano/observatorio-de-obras/observatorio141.jpg;http://cdn2.buenosaires.gob.ar/desarrollourbano/observatorio-de-obras/observatorio151.jpg;;;SES S.A.;2014;3100;60;http://www.buenosaires.gov.ar/areas/planeamiento_obras/licitations/web/frontend_dev.php/licitation/index/id/181;
201704;42;N/C;SUBTE LINEA H;EN EJECUCION;;TRANSPORTE;MDUyT;DENTRO DEL EJE TRANSPORTE Y MOVILIDAD DEL PLAN URBANO AMBIENTAL SE PROPONE LA MAXIMIZACION DEL USO DEL TRANSPORTE SUBTERRANEO Y PREMETRO MEDIANTE LA CONTINUIDAD E EXTENSION DE LA RED CON SENTIDO DE MALLA Y ENLACE DE LOS CENTROS DE TRASBORDO, MEJORANDO LA CONECTIVIDAD TRANSVERSAL. DENTRO DE ESTE EJE, LA LINEA H, EN PROCESO DE CONSTRUCCION, UNIRA LAS CABECERAS DE POMPEYA Y RETIRO, CONECTANDO LAS LINEAS A, B Y D, E INTEGRARA LOS BARRIOS DEL NORTE Y EL SUR DE LA CABA.;2227408083;3;RECOLETA|BALVANERA|SAN CRISTOBAL|PARQUE PATRICIOS;AV. PUEYRREDON;N/C;N/C;N/C;N/C;-34.60004420917;-58.40421080589;10/04/2011;27/12/2018;94;62,64;http://cdn2.buenosaires.gob.ar/desarrollourbano/sociopublico/lineah/h3.JPG;http://cdn2.buenosaires.gob.ar/desarrollourbano/sociopublico/lineah/h21.JPG;http://cdn2.buenosaires.gob.ar/desarrollourbano/sociopublico/lineah/h23.JPG;http://cdn2.buenosaires.gob.ar/desarrollourbano/sociopublico/lineah/h26.JPG;TECHINT- DYCASA UTE;2010;61000;738;http://www.buenosaires.gob.ar/sites/gcaba/files/licitacion144particulares16shta0a1c2pcp.pdf;
201704;43;N/C;SEGUNDO EMISARIO ARROYO VEGA;EN EJECUCION;;HIDRAULICA;MDUyT;EL NUEVO EMISARIO TENDRA 8,4 KM DE EXTENSION Y PERMITIRA DUPLICAR LA CAPACIDAD DE CONDUCCION DE AGUA DEL CONDUCTO PRINCIPAL, YA EXISTENTE, HASTA SU DESEMBOCADURA EN EL RIO DE LA PLATA. DEL TOTAL DEL RECORRIDO, LOS 6 KILOMETROS COINCIDENTES CON AVENIDA LA PAMPA, SE EXCAVARAN UTILIZANDO UNA MAQUINA TUNELADORA, MIENTRAS QUE LOS 2,4 KILOMETROS RESTANTES, COINCIDENTES CON LAS CALLES VICTORICA, BALLIVIAN Y NUEVA YORK, SE EXCAVARAN A TRAVES DE LA METODOLOGIA DE TUNEL TRADICIONAL POR EXCAVACION MANUAL.;2136614835;15;BELGRANO|COLEGIALES|PARQUE CHAS|AGRONOMIA;LA PAMPA;N/C;N/C;N/C;AV LA PAMPA Y CALLES BALLIVIAN Y NUEVA YORK;-34.58566562399;-58.48805665969;03/10/2016;20/05/2019;31;5,76;http://cdn2.buenosaires.gob.ar/desarrollourbano/observatorio-de-obras/imagenesobservatorio/segundoemisarioarroyovega.JPG;;;;BENITO ROGGIO E HIJOS S.A. - JOSE CARTELLONE CONSTRUCCIONES CIVILES S.A. - SUPERCEMENTO S.A.l.C.;2015;;;http://www.buenosaires.gov.ar/areas/planeamiento_obras/licitations/web/frontend_dev.php/licitation/index/id/193;
201704;44;N/C;MEJORA DE LA EFICIENCIA HIDRAULICA ARROYO VEGA;FINALIZADA;;HIDRAULICA;MDUyT;A PARTIR DEL ESTUDIO Y LA REALIZACION DE ENSAYOS IN SITU, SE LLEVO ADELANTE LA OBRA QUE IMPLICA ENTABICAR LAS COLUMNAS Y LAS VIGAS PARA MEJORAR LA EFICIENCIA HIDRAULICA DEL CONDUCTO, ASEGURANDO EL DESPLAZAMIENTO DEL FLUIDO DE LA MANERA MAS EFICAZ POSIBLE. LA OBRA SE ESTA EJECUTANDO ENTRE LAS CALLES 11 DE SEPTIEMBRE Y BALBIN, BAJO LA CALLE BLANCO ENCALADA.;20356958,9;12;BELGRANO;BLANCO ENCALADA;N/C;N/C;N/C;BLANCO ENCALADA;-34.56320262910;-58.46463425660;22/12/2014;30/09/2016;22;100;http://cdn2.buenosaires.gob.ar/desarrollourbano/observatorio-de-obras/iconos_hidraulica.jpg;;;;TECMA S.A.;2014;138942;17;http://www.buenosaires.gov.ar/areas/planeamiento_obras/licitations/web/frontend_dev.php/licitation/index/id/174;
201704;45;N/C;RAMALES SECUNDARIOS DEL ARROYO MALDONADO: GRUPO A;FINALIZADA;;HIDRAULICA;MDUyT;COMPLEMENTANDO LAS OBRAS DE LOS TUNELES ALIVIADORES DEL ARROYO MALDONADO, SE ESTAN REALIZANDO EL COMPLETAMIENTO DE LOS 33 KM DE CONDUCTOS SECUNDARIOS Y TERCIARIOS QUE RESTAN, A LOS EFECTOS DE RESOLVER LAS INUNDACIONES PARA LA RECURRENCIAS PROYECTADA Y MITIGAR LAS MISMAS PARA RECURRENCIAS MAYORES. INCLUYE OBRAS EN RAMAL COSTA RICA Y RAMAL CUZCO.;46130425,53;14;PALERMO|VILLA CRESPO;COSTA RICA;N/C;N/C;N/C;COSTA RICA;-34.58811037790;-58.43729051660;08/09/2011;31/03/2017;67;100;http://cdn2.buenosaires.gob.ar/desarrollourbano/sociopublico/arroyo_maldonado/maldonadothomasvega8.jpg;http://cdn2.buenosaires.gob.ar/desarrollourbano/sociopublico/arroyo_maldonado/maldonadolibertador3.JPG;http://cdn2.buenosaires.gob.ar/desarrollourbano/sociopublico/arroyo_maldonado/maldonadogarcia7.jpg;http://cdn2.buenosaires.gob.ar/desarrollourbano/sociopublico/arroyo_maldonado/maldonadogarcia21.jpg;COARCO S.A.;2011;369077;16;;PARA INFORMACION SOBRE EL PLIEGO ESCRIBIR A observatoriodeobras@buenosaires.gob.ar
201704;46;N/C;CONECTOR AMBIENTAL IRIARTE;FINALIZADA;;ESPACIO PUBLICO;MDUyT;TIPOLOGIA DE CALLE CON IMPORTANTE PRESENCIA DE VEGETACION. FORMA PARTE DE UNA RED QUE PERMITE CONECTAR EL CONJUNTO DE ESPACIOS VERDES DE LA CIUDAD.;10984180,28;4;BARRACAS;AV. IRIARTE;N/C;N/C;N/C;AV. IRIARTE, ENTRE AV. VELEZ SARSFIELD Y AV. AMANCIO ALCORTA;-34.65129432030;-58.39707002380;02/03/2015;20/07/2016;17;100;http://cdn2.buenosaires.gob.ar/desarrollourbano/sociopublico/conectorambientaliriarte/conector_iriarte_1.jpg;http://cdn2.buenosaires.gob.ar/desarrollourbano/sociopublico/conectorambientaliriarte/conector_iriarte_2.jpg;http://cdn2.buenosaires.gob.ar/desarrollourbano/sociopublico/conectorambientaliriarte/conector_iriarte_3.jpg;http://cdn2.buenosaires.gob.ar/desarrollourbano/sociopublico/conectorambientaliriarte/conector_iriarte_4.jpg;ALTOTE S.A.;2014;29894;12;http://www.buenosaires.gov.ar/areas/planeamiento_obras/licitations/web/frontend_dev.php/licitation/index/id/176;
201704;47;PARQUE OLIMPICO;CUBIERTA ARENA PARQUE ROCA;EN EJECUCION;;ARQUITECTURA;MDUyT;COMO ESTRATEGIA DEL DESARROLLO DE LA ZONA SUR DE LA CIUDAD, LLEVANDO EQUIPAMIENTO DE ALTA CATEGORIA A AREAS HISTORICAMENTE RELEGADAS, AVANZA LA CONSTRUCCION DEL TECHO CORREDIZO PARA EL ESTADIO PARQUE ROCA. DICHA CUBIERTA TENDRA 13 MIL METROS CUADRADOS Y SERVIRA PARA ADECUAR EL RECINTO A LA SITUACION DEL CLIMA. LA CAPACIDAD AUMENTARA DE 14.500 A 15.500 ESPECTADORES. ADEMAS, SE MEJORARAN TODOS LOS ACCESOS, CIRCULACIONES Y EL ENTORNO EN GENERAL. EL ESTADIO PARQUE ROCA SERA UNA DE LAS SEDES DONDE SE DESARROLLARAN LOS JUEGOS OLIMPICOS DE LA JUVENTUD 2018.;103608163,9;8;VILLA SOLDATI;AV. ROCA;58;014H;0;AV. CORONEL ROCA, AU HECTOR CAMPORA, AV 27 DE FEBRERO Y ARROYO CILDAÑEZ;-34.67722158520;-58.44587313290;26/12/2013;31/12/2017;49;91,82;http://cdn2.buenosaires.gob.ar/desarrollourbano/sociopublico/parqueroca/parque_roca_3.jpg;http://cdn2.buenosaires.gob.ar/desarrollourbano/sociopublico/parqueroca/parque_roca_6.jpg;http://cdn2.buenosaires.gob.ar/desarrollourbano/sociopublico/parqueroca/parque_roca_1.jpg;http://cdn2.buenosaires.gob.ar/desarrollourbano/sociopublico/parqueroca/parque_roca_7.jpg;TEXIMCO S.A. - DAL CONSTRUCTORA. S.A. UTE;2013;15500;30;http://www.buenosaires.gov.ar/areas/planeamiento_obras/licitations/web/frontend_dev.php/licitation/index/id/146;
201704;48;METROBUS DEL BAJO;PARADORES - ETAPA I;EN EJECUCION;;TRANSPORTE;MDUYT;EL METROBUS DEL BAJO, COMPRENDE UN CORREDOR VIAL DE 4,8 KILOMETROS SOBRE LAS AVENIDAS LEANDRO N. ALEM Y PASEO COLON, QUE UNE LOS BARRIOS DE RETIRO Y LA BOCA. EL PROYECTO SE INSERTA DENTRO DEL PLAN DE MOVILIDAD SUSTENTABLE, QUE CONSISTE EN EL REDISEÑO DEL ESPACIO PARA DARLE PRIORIDAD AL TRANSPORTE PUBLICO, PROMOCION DE LA MOVILIDAD SUSTENTABLE, ORDENAMIENTO Y SEGURIDAD VIAL Y LA INTRODUCCION DE TECNOLOGIAS QUE PERMITAN BRINDAR INFORMACION EN TIEMPO REAL, PARA GENERAR EL CAMBIO CULTURAL NECESARIO A FIN DE LOGRAR UNA CIUDAD INCLUSIVA, SALUDABLE Y MODERNA. SU PUESTA EN FUNCIONAMIENTO REDUCIRA UN 30 % EL TIEMPO DE VIAJE DE LAS 30 LINEAS DE COLECTIVOS QUE PRESTAN SERVICIO A MAS DE 300.000 PERSONAS POR DIA.;229538622,9;1;RETIRO|SAN NICOLAS|MONTSERRAT|SAN TELMO;AV. PASEO COLON;N/C;N/C;N/C;AV. PASEO COLON Y AV. ALEM ENTRE SAN JUAN Y SANTA FE;-34,59964645;-58,36845058;15/02/2017;15/07/2017;5;50;http://cdn2.buenosaires.gob.ar/desarrollourbano/observatorio-de-obras/observatorio144.jpg;http://cdn2.buenosaires.gob.ar/desarrollourbano/observatorio-de-obras/observatorio143.jpg;http://cdn2.buenosaires.gob.ar/desarrollourbano/observatorio-de-obras/observatorio142.jpg;;RIVA S.A.;2016;300000;;http://www.buenosaires.gov.ar/areas/planeamiento_obras/licitations/web/frontend_dev.php/licitation/index/id/255;
201704;49;N/C;CAMINO DE SIRGA II;EN EJECUCION;;ESPACIO PUBLICO;MDUyT;LA SEGUNDA ETAPA DEL CAMINO DE SIRGA SE CENTRA EN LIBERAR Y VOLVER TRANSITABLE Y ACCESIBLE EL MARGEN DEL RIACHUELO ENTRE LAS CALLES VIEYTES Y AV. SAENZ. ESTA SE RECUPERA PARA EL USO PUBLICO EN VIAS DE CUMPLIMENTAR CON LO ENUNCIADO EN EL PLAN URBANO AMBIENTAL, DONDE SE INDICAN LOS RASGOS FUNDAMENTALES QUE DEBEN DESARROLLAR LA CIUDAD DE BUENOS AIRES Y LOS PRINCIPALES LINEAMIENTOS PARA GARANTIZAR EL ALCANCE DE DICHOS RASGOS.EN LA PROPUESTA DE OBRA PUBLICA SE PROPONE UN PARQUE LINEAL CON UN CAMINO VEHICULAR ENFOCADO AL TRANSITO RECREATIVO DE LAS PERSONAS, INVOLUCRANDO LA CONSTRUCCION DE UN PASEO RIBEREÑO, BICISENDAS, ESPACIOS VERDES, ALUMBRADO Y EQUIPAMIENTO GENERAL.;40774369,87;4;BARRACAS|NUEVA POMPEYA;CAMINO DE SIRGA;N/C;N/C;N/C;CAMINO DE SIRGA ENTRE AV. SAENZ Y AV. VIEYTES;-34.66213048960;-58.39246706430;01/08/2013;31/05/2017;47;35,97;http://cdn2.buenosaires.gob.ar/desarrollourbano/sociopublico/camino_sirga_dos/caminosirga3.JPG;http://cdn2.buenosaires.gob.ar/desarrollourbano/sociopublico/camino_sirga_dos/caminosirga5.jpg;http://cdn2.buenosaires.gob.ar/desarrollourbano/sociopublico/camino_sirga_dos/caminosirga8.jpg;http://cdn2.buenosaires.gob.ar/desarrollourbano/sociopublico/camino_sirga_dos/caminosirga2.jpg;BRICONS S.A.;2012;4350;20;http://www.buenosaires.gov.ar/areas/planeamiento_obras/licitations/web/frontend_dev.php/licitation/index/id/129;
201704;50;METROBUS NORTE;METROBUS CABILDO II;FINALIZADA;;TRANSPORTE;MDUyT;LA TRAZA DE LA SEGUNDA ETAPA DEL METROBUS NORTE COMIENZA EN FRANKLIN ROOSEVELT, COMO CONTINUACION DEL PRIMER TRAMO Y FINALIZA EN SANTOS DUMONT. HAY PARADORES EN GRAN PARTE DE LA EXTENSION DEL CORREDOR, A EXCEPCION DE LAS CUADRAS ENTRE JURAMENTO Y ECHEVERRIA, LA PAMPA Y JOSE HERNANDEZ, Y TEODORO GARCIA Y FEDERICO LACROZE. EN TOTAL, SE TRATA DE 5 ESTACIONES, CON 22 PARADORES. ES EL SEPTIMO CORREDOR DE LA RED DE METROBUS CABA, QUE TENDRA UNA EXTENSION DE 2.7 KM Y REVITALIZARA LOS BARRIOS DE BELGRANO, COLEGIALES Y PALERMO.;139861846,3;13;BELGRANO;AV. CABILDO;N/C;N/C;N/C;AV. CABILDO ENTRE FRANKLIN ROOSEVELT Y SANTOS DUMONT;-34.56758938980;-58.44632468320;01/08/2016;24/11/2016;4;100;http://cdn2.buenosaires.gob.ar/desarrollourbano/observatorio-de-obras/observatorio70.jpg;http://cdn2.buenosaires.gob.ar/desarrollourbano/observatorio-de-obras/observatorio68.jpg;http://cdn2.buenosaires.gob.ar/desarrollourbano/observatorio-de-obras/observatorio69.jpg;;BRICONS S.A.;2016;250000;;http://www.buenosaires.gov.ar/areas/planeamiento_obras/licitations/web/frontend_dev.php/licitation/index/id/213;
201704;51;METROBUS NORTE;CENTRO DE TRANSBORDO PACIFICO;FINALIZADA;;TRANSPORTE;MDUyT;EJECUCION DE PARADORES LINDEROS A LOS CARRILES EXCLUSIVOS PARA BUSES, QUE FUNCIONARAN COMO PUNTO DE TRANSBORDO DE PASAJEROS. ESTA UBICADO SOBRE LA AV. SANTA FE ENTRE LAS CALLES CARRANZA Y THAMES, CON UNA EXTENSION DE 1,1 KM, 22 LINEAS DE COLECTIVOS CON 375 SERVICIOS PROMEDIO POR HORA Y CUENTA CON 11 PARADORES, MEJORANDO LA EXPERIENCIA DE VIAJE DE MAS DE 120 MIL PERSONAS TODOS LOS DIAS.;71823847,57;14;PALERMO;AV. SANTA FE;N/C;N/C;N/C;AV. SANTA FE ENTRE AV. JUAN B. JUSTO Y BORGES;-34.57896723940;-58.42216737590;24/08/2016;24/11/2016;3;100;http://cdn2.buenosaires.gob.ar/desarrollourbano/sociopublico/centrotransbordopacifico/centro_transbordo_pacifico_1.jpg;http://cdn2.buenosaires.gob.ar/desarrollourbano/sociopublico/centrotransbordopacifico/centro_transbordo_pacifico_2.jpg;http://cdn2.buenosaires.gob.ar/desarrollourbano/sociopublico/centrotransbordopacifico/centro_transbordo_pacifico_3.jpg;http://cdn2.buenosaires.gob.ar/desarrollourbano/sociopublico/centrotransbordopacifico/centro_transbordo_pacifico_4.jpg;INGEVIAL S.A.;2016;120000;;http://www.buenosaires.gov.ar/areas/planeamiento_obras/licitations/web/frontend_dev.php/licitation/index/id/220;
201704;52;;PASO BAJO NIVEL BALBIN;EN EJECUCION;;TRANSPORTE;MDUyT;EL PASO BAJO NIVEL DE AV. BALBIN SE EXTENDERA ENTRE ESTOMBA Y AV. GOYENECHE, PASANDO POR DEBAJO LAS VIAS DEL FERROCARRIL MITRE RAMAL MITRE, A 300 METROS DE LA ESTACION L. M. SAAVEDRA DEL TREN. SU TUNEL SERA DOBLE MANO, CONTARA CON CUATRO CARRILES DE CIRCULACION, DOS POR SENTIDO, CON UNA ALTURA LIBRE DE PASO DE 5,10 METROS, QUE LO HARA APTO PARA TRANSITO LIVIANO Y TRANSPORTE DE PASAJEROS;119960000;12;SAAVEDRA;AV. DR. RICARDO BALBIN;N/C;N/C;N/C;AV. DR. RICARDO BALBIN Y VIAS DEL FFCC MITRE;-34.55489190765;-58.48644062876;06/12/2016;28/02/2018;15;22,74;http://cdn2.buenosaires.gob.ar/desarrollourbano/observatorio-de-obras/masobras/pasobajonivelbalbin.jpg;;;;ELEPRINT - CONSTRUMEX UTE;2014;;;https://www.ausa.com.ar/licitaciones-publicas-detalle/?l=64;
201704;53;CENTRO DE EXPOSICIONES Y CONVENCIONES;CENTRO DE EXPOSICIONES Y CONVENCIONES: AMPLIACION RED DE AGUA Y CLOACAS;FINALIZADA;;INFRAESTRUCTURA;MDUyT;DENTRO DE LAS OBRAS COMPLEMENTARIAS AL CENTRO DE EXPOSICIONES Y CONVENCIONES, FUE NECESARIO ADAPTAR Y RELOCALIZAR LAS ACOMETIDAS DEL SUMINISTRO DE SERVICIOS DE AGUA POTABLE Y DE DESAGUES CLOACALES EN EL PREDIO DONDE SE UBICA.;8897524,83;2;RECOLETA;AV. FIGUEROA ALCORTA;N/C;N/C;N/C;AV. FIGUEROA ALCORTA 2051;-34.58467634236;-58.38928163051;14/10/2016;14/01/2017;3;100;http://cdn2.buenosaires.gob.ar/desarrollourbano/observatorio-de-obras/imagenesobservatorio/centrodeexposicionesyconvenciones-ampliacion-red-de-agua-cloacas.jpg;;;;CONSTRUCCIoN, INFRAESTRUCTURA Y SERVICIOS S.A.;2016;;;http://www.buenosaires.gov.ar/areas/planeamiento_obras/licitations/web/frontend_dev.php/licitation/index/id/224;
201704;54;;PASO BAJO NIVEL NAZCA;EN EJECUCION;;TRANSPORTE;MDUyT;EL PASO BAJO NIVEL DE AV. NAZCA SE EXTENDERA ENTRE PEDRO LOZANO Y MARCOS SASTRE, PASANDO POR DEBAJO LAS VIAS DEL FERROCARRIL SAN MARTIN, A 300 METROS DE LA ESTACION VILLA DEL PARQUE DEL TREN. SU TUNEL SERA DOBLE MANO, CONTARA CON CUATRO CARRILES DE CIRCULACION, DOS POR SENTIDO, CON UNA ALTURA LIBRE DE PASO DE 5,10 METROS, QUE LO HARA APTO PARA TRANSITO LIVIANO, PESADO Y TRANSPORTE PUBLICO DE PASAJEROS.;174350000;11;VILLA DEL PARQUE;AV. NAZCA;N/C;N/C;N/C;AV. NAZCA Y VIAS DEL FFCC SAN MARTIN;-34.60117460665;-58.49011123180;12/12/2016;31/05/2018;18;7,65;http://cdn2.buenosaires.gob.ar/desarrollourbano/observatorio-de-obras/imagenesobservatorio/pasobajonivelnazca.jpg;;;;DYCASA S.A. - FONTANA NICASTRO UTE;2016;;;https://www.ausa.com.ar/licitaciones-publicas-detalle/?l=85;
201704;55;N/C;CONSERVATORIO MANUEL DE FALLA;EN EJECUCION;;ARQUITECTURA;MDUyT;LA OBRA DEL CONSERVATORIO MANUEL DE FALLA CONSTA DE LA READECUACION DE LAS INSTALACIONES, LA PUESTA EN VALOR Y LA REPARACION DE LA CUBIERTA. FUE INICIADA ORIGINALMENTE POR EL MINISTERIO DE CULTURA Y TRANSFERIDA POSTERIORMENTE, AL MINISTERIO DE DESARROLLO URBANO Y TRANSPORTE.;8755880,62;5;ALMAGRO;GALLO;13;38;016B;GALLO 238;-34.60557241299;-58.41425299644;03/10/2016;30/07/2017;10;51,14;http://cdn2.buenosaires.gob.ar/desarrollourbano/observatorio-de-obras/iconos_arquitectura.jpg;;;;SUNIL S.A.;2016;;;;PARA INFORMACION SOBRE EL PLIEGO ESCRIBIR A observatoriodeobras@buenosaires.gob.ar
201704;56;METROBUS DEL BAJO;ACERAS - ETAPA I;EN LICITACION;ADJUDICADA;TRANSPORTE;MDUYT;EL METROBUS DEL BAJO, COMPRENDE UN CORREDOR VIAL DE 4,8 KILOMETROS SOBRE LAS AVENIDAS LEANDRO N. ALEM Y PASEO COLON, QUE UNE LOS BARRIOS DE RETIRO Y LA BOCA. EL PROYECTO SE INSERTA DENTRO DEL PLAN DE MOVILIDAD SUSTENTABLE, QUE CONSISTE EN EL REDISEÑO DEL ESPACIO PARA DARLE PRIORIDAD AL TRANSPORTE PUBLICO, PROMOCION DE LA MOVILIDAD SUSTENTABLE, ORDENAMIENTO Y SEGURIDAD VIAL Y LA INTRODUCCION DE TECNOLOGIAS QUE PERMITAN BRINDAR INFORMACION EN TIEMPO REAL, PARA GENERAR EL CAMBIO CULTURAL NECESARIO A FIN DE LOGRAR UNA CIUDAD INCLUSIVA, SALUDABLE Y MODERNA. SU PUESTA EN FUNCIONAMIENTO REDUCIRA UN 30 % EL TIEMPO DE VIAJE DE LAS 30 LINEAS DE COLECTIVOS QUE PRESTAN SERVICIO A MAS DE 300.000 PERSONAS POR DIA.;40185440;1;RETIRO|SAN NICOLAS|MONTSERRAT|SAN TELMO;AV. PASEO COLON;N/C;N/C;N/C;AV. PASEO COLON Y AV. ALEM ENTRE SAN JUAN Y SANTA FE;-34.59951433;-58.37084412;N/C;N/C;N/C;N/C;http://cdn2.buenosaires.gob.ar/desarrollourbano/observatorio-de-obras/observatorio144.jpg;;;;MIAVASA S.A.;2017;300000;;http://www.buenosaires.gov.ar/areas/planeamiento_obras/licitations/web/frontend_dev.php/licitation/index/id/260;
201704;57;METROBUS DEL BAJO;TAREAS PRELIMINARES Y CERCO DE OBRA - ETAPA I;EN EJECUCION;;TRANSPORTE;MDUYT;EL METROBUS DEL BAJO, COMPRENDE UN CORREDOR VIAL DE 4,8 KILOMETROS SOBRE LAS AVENIDAS LEANDRO N. ALEM Y PASEO COLON, QUE UNE LOS BARRIOS DE RETIRO Y LA BOCA. EL PROYECTO SE INSERTA DENTRO DEL PLAN DE MOVILIDAD SUSTENTABLE, QUE CONSISTE EN EL REDISEÑO DEL ESPACIO PARA DARLE PRIORIDAD AL TRANSPORTE PUBLICO, PROMOCION DE LA MOVILIDAD SUSTENTABLE, ORDENAMIENTO Y SEGURIDAD VIAL Y LA INTRODUCCION DE TECNOLOGIAS QUE PERMITAN BRINDAR INFORMACION EN TIEMPO REAL, PARA GENERAR EL CAMBIO CULTURAL NECESARIO A FIN DE LOGRAR UNA CIUDAD INCLUSIVA, SALUDABLE Y MODERNA. SU PUESTA EN FUNCIONAMIENTO REDUCIRA UN 30 % EL TIEMPO DE VIAJE DE LAS 30 LINEAS DE COLECTIVOS QUE PRESTAN SERVICIO A MAS DE 300.000 PERSONAS POR DIA.;4756449;1;RETIRO|SAN NICOLAS|MONTSERRAT|SAN TELMO;AV. PASEO COLON;N/C;N/C;N/C;AV. PASEO COLON Y AV. ALEM ENTRE SAN JUAN Y SANTA FE;-34.61468519;-58.36923480;01/02/2017;31/07/2017;6;85;http://cdn2.buenosaires.gob.ar/desarrollourbano/observatorio-de-obras/observatorio144.jpg;;;;CONSTRUCCIONES INGEVIAL S.A.;2017;300000;;http://www.buenosaires.gov.ar/areas/planeamiento_obras/licitations/web/frontend_dev.php/licitation/index/id/254;
201704;58;N/C;PASO BAJO NIVEL AVENIDA SAN MARTIN;FINALIZADA;;TRANSPORTE;MDUyT;EL PASO BAJO NIVEL SAN MARTIN TIENE UNA LONGITUD DE 370 METROS, QUE SE EXTIENDE ENTRE LAS CALLES PAREJA Y ASUNCION. CUENTA CON CUATRO CARRILES, DOS EN CADA SENTIDO Y SU TUNEL PRESENTA UNA ALTURA DE 5,10 METROS, PERMITIENDO LA CIRCULACION DE VEHICULOS PESADOS, LIVIANOS Y LOS COLECTIVOS DEL METROBUS SAN MARTIN.;111988843,9;11;VILLA DEVOTO;AV. SAN MARTIN;N/C;N/C;N/C;AV. SAN MARTIN Y VIAS DEL FFCC GRAL. URQUIZA;-34.59501932840;-58.50264938030;17/01/2014;21/10/2016;34;100;http://cdn2.buenosaires.gob.ar/desarrollourbano/observatorio-de-obras/observatorio105.jpg;http://cdn2.buenosaires.gob.ar/desarrollourbano/observatorio-de-obras/observatorio106.jpg;http://cdn2.buenosaires.gob.ar/desarrollourbano/observatorio-de-obras/observatorio108.jpg;http://cdn2.buenosaires.gob.ar/desarrollourbano/observatorio-de-obras/observatorio107.jpg;FONTANA NICASTRO S.A.C. MARTiNEZ Y DE LA FUENTE S.A. UTE;2013;70000;;https://www.ausa.com.ar/licitaciones-publicas-detalle/?l=56;
201704;59;N/C;PASO BAJO NIVEL CONSTITUYENTES;FINALIZADA;;TRANSPORTE;MDUyT;SE EXTIENDE ENTRE LA AVENIDA MOSCONI Y OLAZABAL HASTA LA CALLE JOSE L. CABEZON Y CULLEN. EL PASO VEHICULAR BAJO LAS VIAS DEL TREN CONTIENE CUATRO CARRILES, DOS EN CADA SENTIDO, CON UNA ALTURA LIBRE DE TRANSITO DE 5,10 METROS, PERMITIENDO LA CIRCULACION DE VEHICULOS PESADOS Y LIVIANOS.;119500000;12;VILLA PUEYRREDON;AV. DE LOS  CONSTITUYENTES;N/C;N/C;N/C;AV DE LOS CONSTITUYENTES 4950;-34.57944364250;-58.49536041860;22/01/2014;29/04/2016;28;100;http://cdn2.buenosaires.gob.ar/desarrollourbano/observatorio-de-obras/observatorio110.jpg;http://cdn2.buenosaires.gob.ar/desarrollourbano/observatorio-de-obras/observatorio111.jpg;;;JOSE CHEDIACK S.A.I.C.A.;2013;;;https://www.ausa.com.ar/licitaciones-publicas-detalle/?l=54;
201704;60;N/C;PASO BAJO NIVEL BEIRO;EN EJECUCION;;TRANSPORTE;MDUyT;EL PASO BAJO NIVEL BEIRO TUVO COMO CARACTERISTICA PARTICULAR LA PRESENCIA DE CAÑOS DE GRAN ENVERGADURA BAJO TIERRA, LO CUAL HIZO NECESARIO UN NUEVO TRAZADO DE LA AVENIDA EN ESTE TRAMO, GENERANDO UN CORRIMIENTO HACIA EL LADO DEL CLUB COMUNICACIONES Y LA FACULTAD DE AGRONOMIA. A RAIZ DE ESE DESPLAZAMIENTO SE DEFINE UN ESPACIO DE UNOS 25 M DE ANCHO Y DE 500 M DE LARGO QUE SE PROYECTA COMO AREA VERDE PARA USOS RECREATIVOS, FUNCIONANDO COMO CONECTOR AMBIENTAL ADYACENTE A LA AVENIDA.  ;114299267,4;15;AGRONOMIA;AV. FRANCISCO BEIRO;N/C;N/C;N/C;FRANCISCO BEIRO Y GUTENBERG;-34.59337251910;-58.49025883080;07/07/2014;15/05/2017;35;95;http://cdn2.buenosaires.gob.ar/desarrollourbano/observatorio-de-obras/observatorio102.jpg;http://cdn2.buenosaires.gob.ar/desarrollourbano/observatorio-de-obras/observatorio103.jpg;http://cdn2.buenosaires.gob.ar/desarrollourbano/observatorio-de-obras/observatorio104.jpg;http://cdn2.buenosaires.gob.ar/desarrollourbano/observatorio-de-obras/observatorio109.jpg;BENITO ROGGIO - ESUCO (UTE);2014;;;https://www.ausa.com.ar/licitaciones-publicas-detalle/?l=68;
201704;61;TEATRO COLON;TEATRO COLON: REPARACION DE ARCO DE EMBOCADURA;FINALIZADA;;ARQUITECTURA;MDUyT;REPARACION Y PUESTA EN VALOR DEL ARCO DE EMBOCADURA DEL TEATRO COLON.;756352,85;1;SAN NICOLAS;CERRITO;5;056A;0;CERRITO 628;-34.60140992060;-58.38254822870;15/01/2015;01/01/2016;12;100;http://cdn2.buenosaires.gob.ar/desarrollourbano/observatorio-de-obras/iconos_arquitectura.jpg;;;;ROL INGENIERIA S.A.;2015;;;;PARA INFORMACION SOBRE EL PLIEGO ESCRIBIR A observatoriodeobras@buenosaires.gob.ar
201704;62;;CASA TRANS;EN EJECUCION;;ARQUITECTURA;MDUyT;LA OBRA CONSISTE EN LA PUESTA EN VALOR Y RECICLAJE DE LA PLANTA BAJA DEL INMUEBLE, CONTEMPLANDO LA CONSTRUCCION DE NUEVOS BAÑOS, UN VESTUARIO, UNA SALA DE ESPERA, DOS CONSULTORIOS PARA ATENCION PSICOLOGICA UNA SALA DE EXTRACCION DE SANGRE PARA DIAGNOSTICO PREVENTIVO Y LAS OFICINAS ADMINISTRATIVAS DE LA ASOCIACION DE TRAVESTIS, TRANSEXUALES Y TRANSGENEROS DE LA ARGENTINA.;4062200;3;SAN CRISTOBAL;AV. JUJUY;30;92;39;AV. JUJUY 1341;-34.62560685953;-58.40186923742;08/02/2017;08/06/2017;4;25;http://cdn2.buenosaires.gob.ar/desarrollourbano/observatorio-de-obras/masobras/fotoscasatrans201706121.png;;;;PREMART S.R.L.;2016;;;http://www.buenosaires.gov.ar/areas/planeamiento_obras/licitations/web/frontend_dev.php/licitation/index/id/245;
201704;63;;READECUACION DEL INMUEBLE FINOCHIETTO E YRIGOYEN;FINALIZADA;RECEPCION PROVISORIA;ARQUITECTURA;MDUyT;READECUACION Y RELOCALIZACION DE LOS INMUEBLES FINOCHIETTO E YRIGOYEN QUE ALBERGAN AL INSTITUTO DE LA VIVIENDA DE LA CIUDAD Y LA DIRECCION GENERAL DE REGISTROS DE OBRAS Y CATASTROS (DGROC) EN EL BARRIO DE BARRACAS, Y A LA DIRECCION GENERAL DE ADMINISTRACION DE INFRACCIONES EN EL BARRIO DE BALVANERA, RESPECTIVAMENTE.;59761171,04;3;BALVANERA;YRIGOYEN;20;33;003C;YRIGOYEN 2346;-34.61085300523;-58.39975833892;29/10/2015;31/12/2016;14;100;http://cdn2.buenosaires.gob.ar/desarrollourbano/observatorio-de-obras/observatorio44.jpg;http://cdn2.buenosaires.gob.ar/desarrollourbano/observatorio-de-obras/observatorio16.jpg;http://cdn2.buenosaires.gob.ar/desarrollourbano/observatorio-de-obras/observatorio45.jpg;;VIDOGAR CONSTRUCCIONES S.A.;2015;;8;http://www.buenosaires.gov.ar/areas/planeamiento_obras/licitations/web/frontend_dev.php/licitation/index/id/201;
201704;64;N/C;ESTACION DE BOMBEO 5;EN EJECUCION;;HIDRAULICA;MDUyT;LA ESTACION DE BOMBEO 5 SE ENMARCA EN UNA OBRA MAYOR DENOMINADA DESAGUE Y CONTROL DE INUNDACIONES EN LA BOCA Y BARRACAS, QUE CONSISTIO EN LA ELEVACION DE MUELLES Y LA LINEA DE COSTA, EN UN TOTAL DE 6 KILOMETROS DE LA RIBERA DEL RIACHUELO. SU FUNCION ES LA DE ELEVAR LOS AGUAS RESIDUALES PROVENIENTES DEL COLECTOR DE LA ZONA BAJA DE LA COSTANERA, HOY LLAMADO COLECTOR RIBEREÑO, HACIA LOS CONDUCTOS POR LOS QUE SE DIRIGEN A LA ESTACION DE BOMBEO WILDE. CUENTA CON 6 ELECTROBOMBAS VERTICALES DE VELOCIDAD FIJA, ELEVANDO UNA CAUDAL PROMEDIO DE 4.83 M3/S.;56737649,49;4;LA BOCA|BARRACAS;PEDRIEL;N/C;N/C;N/C;PEDRIEL Y CAMINO DE SIRGA;-34.65748689720;-58.38334997550;01/08/2013;30/04/2017;46;99,96;http://cdn2.buenosaires.gob.ar/desarrollourbano/observatorio-de-obras/observatorio126.JPG;http://cdn2.buenosaires.gob.ar/desarrollourbano/observatorio-de-obras/observatorio125.JPG;http://cdn2.buenosaires.gob.ar/desarrollourbano/observatorio-de-obras/observatorio128.JPG;http://cdn2.buenosaires.gob.ar/desarrollourbano/observatorio-de-obras/observatorio127.JPG;MERCOVIAL-SABAVISA (UTE);2013;215000;24;;PARA INFORMACION SOBRE EL PLIEGO ESCRIBIR A observatoriodeobras@buenosaires.gob.ar
201704;65;N/C;MANZANA CIVICA PARQUE PATRICIOS;EN EJECUCION;;ESPACIO PUBLICO;MDUyT;LA OBRA DESARROLLADA EN EL BARRIO DE PARQUE PATRICIOS, CONSISTE PRINCIPALMENTE EN LA PUESTA EN VALOR DEL ENTORNO A LA NUEVA SEDE DEL GOBIERNO DE LA CIUDAD, REVALORIZANDO EL ESPACIO PUBLICO.;31688844,88;4;PARQUE PATRICIOS;LOS PATOS;32;070A;0;LOS PATOS 3151;-34.64083159000;-58.40236244600;01/11/2016;01/07/2017;8;41,48;http://cdn2.buenosaires.gob.ar/desarrollourbano/observatorio-de-obras/observatorio33.jpg;http://cdn2.buenosaires.gob.ar/desarrollourbano/observatorio-de-obras/observatorio145.JPG;http://cdn2.buenosaires.gob.ar/desarrollourbano/observatorio-de-obras/observatorio146.JPG;http://cdn2.buenosaires.gob.ar/desarrollourbano/observatorio-de-obras/observatorio32.jpg;DAL CONSTRUCCIONES S.A.;2016;10223;38;http://www.buenosaires.gov.ar/areas/planeamiento_obras/licitations/web/frontend_dev.php/licitation/index/id/223;
201704;67;;NUEVA TRAZA DE LA AUTOPISTA ILLIA;EN EJECUCION;;TRANSPORTE;MDUyT;LA OBRA CONSISTE EN CONSTRUIR UNA NUEVA VIA RAPIDA URBANA ENTRE AV. 9 DE JULIO Y EL PEAJE RETIRO (EL CUAL NO SE VERA AFECTADO). LA EXTENSION TOTAL DE LA NUEVA TRAZA ES DE 1.900 METROS APROXIMADAMENTE ENTRE LOS LIMITES DE LA INTERVENCION DIVIDIDOS EN DOS TRAMOS SEGUN SU TIPOLOGIA. EL PRIMER TRAMO MODIFICARA LA CONFIGURACION ACTUAL DE LA CALLE FACUNDO QUIROGA. ESTE TRAMO SE EXTENDERA ENTRE CARLOS PELLEGRINI / CERRITO Y EL NUEVO CENTRO DE EXPOSICIONES Y CONVENCIONES (CEC). SE DESARROLLARA UNA NUEVA AVENIDA URBANA QUE CONTARA CON 3 CARRILES SENTIDO PROVINCIA, MIENTRAS QUE EN SENTIDO AL CENTRO TENDRA UN ANCHO VARIABLE ENTRE 3 Y 4 CARRILES. AMBAS MANOS ESTARAN SEPARADAS POR UN CANTERO CENTRAL QUE CONTARA CON UNA IMPORTANTE FORESTACION. EL OTRO TRAMO COMIENZA A PARTIR DEL CEC, DONDE LA AVENIDA MENCIONADA ANTERIORMENTE COMIENZA A TOMAR ALTURA PARA CONVERTIRSE EN UN VIADUCTO Y GIRA HACIA EL NORTE, PASANDO POR ARRIBA DE LAS VIAS DEL FERROCARRIL HASTA EMPALMAR CON LA AU ILLIA EXISTENTE, 300 METROS ANTES DE LLEGAR AL PEAJE RETIRO.;1585394079;2;RECOLETA;BRIGADIER QUIROGA;N/C;N/C;N/C;BRIGADIER GENERAL QUIROGA;-34.58262707868;-58.38776886463;27/03/2017;15/10/2018;19;0,81;http://cdn2.buenosaires.gob.ar/desarrollourbano/observatorio-de-obras/masobras/nuevatrazadelaautopistaillia.jpg;;;;ROVELLA CARRANZA-SUPERCEMENTO-PANDILE UTE;2016;;;https://www.ausa.com.ar/licitaciones-publicas-detalle/?l=107;
201704;69;TEATRO COLON;INSTITUTO SUPERIOR DE ARTE TEATRO COLON;EN EJECUCION;;ARQUITECTURA;MDUyT;PUESTA EN VALOR DEL INSTITUTO SUPERIOR DE ARTE DEL TEATRO COLON.;15203242,5;1;SAN NICOLAS;AV. CORRIENTES;5;13;024A;AV. CORRIENTES 1681;-34.60413299600;-58.39053690433;29/12/2016;30/05/2017;5;91,33;http://cdn2.buenosaires.gob.ar/desarrollourbano/observatorio-de-obras/iconos_arquitectura.jpg;;;;INGECONS S.A.;2016;;17;http://www.buenosaires.gov.ar/areas/planeamiento_obras/licitations/web/frontend_dev.php/licitation/index/id/236;
201704;71;AREA AMBIENTAL CENTRAL;CALLE PERU I;FINALIZADA;;ESPACIO PUBLICO;MDUyT;"EL PROYECTO INCLUYE EL TRAMO ENTRE AV. BELGRANO Y AV. ROCA, Y CONSISTE EN LA UNIFICACION DE LOS NIVELES DE ACERA Y CALZADA Y LA PRESERVACION DEL CORDON DE GRANITO EXISTENTE. SE AGREGARON RAMPAS VEHICULARES Y PEATONALES PARA SALVAR DESNIVELES; SE REEMPLAZARON LAS CUNETAS POR REJILLAS REBATIBLES PARA EL DESAGUE PLUVIAL, SE INCORPORO EQUIPAMIENTO URBANO Y SE REDISEÑO EL ALUMBRADO PUBLICO.";2462636,24;1;MONTSERRAT;PERU;N/C;N/C;N/C;PERU, ENTRE AVENIDA BELGRANO Y AVENIDA PRESIDENTE JULIO A. ROCA;-34.61751114110;-58.37387149160;21/03/2016;18/07/2016;4;100;http://cdn2.buenosaires.gob.ar/desarrollourbano/observatorio-de-obras/imagenesobservatorio/calleperui.jpg;;;;NAKU CONSTRUCCIONES;2016;;8;http://www.buenosaires.gov.ar/areas/planeamiento_obras/licitations/web/frontend_dev.php/licitation/index/id/187;
201704;72;AREA AMBIENTAL CENTRAL;CALLE PERU II;FINALIZADA;;ESPACIO PUBLICO;MDUyT;LA OBRA SE EXTIENDE SOBRE LA CALLE PERU, DESDE AV. BELGRANO HASTA AV. INDEPENDENCIA. SE PROPONE LA NIVELACION DE CRUCES PEATONALES EN AMBOS SENTIDOS MEJORANDO LA ACCESIBILIDAD Y EL TRANSITO PEATONAL. TAMBIEN SE CONTEMPLA LA RENOVACION DE LUMINARIAS Y EQUIPAMIENTO URBANO.;9133269,27;1;MONTSERRAT;PERU;N/C;N/C;N/C;PERU, ENTRE AVENIDA BELGRANO Y AVENIDA INDEPENDENCIA;-34.61432317810;-58.37455093860;16/08/2016;29/12/2016;5;100;http://cdn2.buenosaires.gob.ar/desarrollourbano/observatorio-de-obras/observatorio101.JPG;http://cdn2.buenosaires.gob.ar/desarrollourbano/observatorio-de-obras/observatorio117.jpg;http://cdn2.buenosaires.gob.ar/desarrollourbano/observatorio-de-obras/observatorio118.jpg;http://cdn2.buenosaires.gob.ar/desarrollourbano/observatorio-de-obras/observatorio114.jpg;INSTALECTRO S.A.;2016;;11;http://www.buenosaires.gov.ar/areas/planeamiento_obras/licitations/web/frontend_dev.php/licitation/index/id/215;
201704;73;DONADO HOLMBERG;CENTRO DE GESTION Y PARTICIPACION COMUNA 12;FINALIZADA;;ARQUITECTURA;MDUyT;LA NUEVA SEDE DE LA COMUNA 12, UBICADA EN LA CALLE HOLMBERG EN VILLA URQUIZA, SERA SEDE DE LA ZONA QUE INTEGRA A LOS BARRIOS DE COGHLAN, SAAVEDRA, VILLA URQUIZA Y VILLA PUEYRREDON. EL EDIFICIO TENDRA TRES PISOS Y PERMITIRA REALIZAR TRAMITES DE MANERA MAS COMODA Y RAPIDA. OPERARA LOS SERVICIOS DE RENTAS, DEFENSA AL CONSUMIDOR, LICENCIAS, INFRACCIONES, REGISTRO CIVIL, TESORERIA, MEDIACION COMUNITARIA E INTERMEDIACION LABORAL.;36725502,35;12;VILLA URQUIZA;HOLMBERG;53;89;001A;HOLMBERG 2548;-34.56890811730;-58.47740349300;28/10/2013;14/04/2017;42;100;http://cdn2.buenosaires.gob.ar/desarrollourbano/observatorio-de-obras/observatorio154.jpeg;http://cdn2.buenosaires.gob.ar/desarrollourbano/observatorio-de-obras/observatorio120.jpg;http://cdn2.buenosaires.gob.ar/desarrollourbano/observatorio-de-obras/observatorio121.jpg;http://cdn2.buenosaires.gob.ar/desarrollourbano/observatorio-de-obras/observatorio122.jpg;CONORVIAL S.A.;2013;200116;27;http://www.buenosaires.gov.ar/areas/planeamiento_obras/licitations/web/frontend_dev.php/licitation/index/id/133;
201704;74;;CAMINO DE SIRGA III;EN LICITACION;;ESPACIO PUBLICO;MDUyT;EL PROYECTO CONTEMPLA LA RECUPERACION DE LA TENENCIA DE LOS PREDIOS LINDEROS AL RIACHUELO, LA LIMPIEZA Y ADECUACION DE LOS TERRENOS, A FIN DE CONSTRUIR UNA CALLE DE SERVICIO Y EL PARQUE LINEAL ASOCIADO. EL CAMINO SE EJECUTARA EN GRANITULLO SOBRE LOSA DE HORMIGON, EN AQUELLOS SITIOS EN QUE RESULTARA POSIBLE, EXCEPTO DONDE EXISTIERA PREVIAMENTE UN PAVIMENTO EN BUEN ESTADO DE CONSERVACION QUE AMERITE SU CONSERVACION.;N/C;4;BARRACAS|NUEVA POMPEYA;CAMINO DE SIRGA;N/C;N/C;N/C;CAMINO DE SIRGA ENTRE AV. SAENZ Y AV. VIEYTES;-34.66180493074;-58.39458703994;N/C;N/C;N/C;N/C;http://cdn2.buenosaires.gob.ar/desarrollourbano/observatorio-de-obras/imagenesobservatorio/caminodesirga.jpg;;;;N/C;2017;;;http://www.buenosaires.gov.ar/areas/planeamiento_obras/licitations/web/frontend_dev.php/licitation/index/id/279;
201704;75;AREA AMBIENTAL CENTRAL;CALLE TACUARI;EN EJECUCION;;ESPACIO PUBLICO;MDUyT;EL PROYECTO PROPONE LA NIVELACION DE LA VEREDA Y LA CALZADA DEFINIENDO UN CARRIL VEHICULAR DE 3.95 M EN CONVIVENCIA CON BICISENDA Y LA AMPLIACION DE AMBAS VEREDAS EN FORMA ASIMETRICA. INCLUYE EL TRAMO QUE VA DESDE AV. DE MAYO A AV. BELGRANO.;19981404,4;1;MONTSERRAT;TACUARI;N/C;N/C;N/C;TACUARI ENTRE AV. MAYO Y BELGRANO;-34.61109766460;-58.37854659560;13/10/2016;30/04/2017;6;74,03;http://cdn2.buenosaires.gob.ar/desarrollourbano/sociopublico/tacuariprioridadpeatonal/calle_tacuari_prioridadpeatonal.jpg;;;;DAL CONSTRUCCIONES S.A.;2016;;28;http://www.buenosaires.gov.ar/areas/planeamiento_obras/licitations/web/frontend_dev.php/licitation/index/id/218;
201704;77;TEATRO SAN MARTIN;CENTRO CULTURAL SAN MARTIN: RENOVACION DE INSTALACIONES Y TECNOLOGIA.;EN EJECUCION;;ARQUITECTURA;MDUyT;RECUPERACION Y ADECUACION TECNOLOGICA DE LOS AMBITOS PRINCIPALES DEL TEATRO Y SUS AREAS COMPLEMENTARIAS Y DE SERVICIOS, INCLUYENDO LAS SALAS MARTIN CORONADO, CASACUBERTA Y LUGONES, LOS HALLS, CAMARINES, NUCLEOS SANITARIOS, CIRCULACIONES VERTICALES Y HORIZONTALES Y DEMAS SECTORES DE APOYO.;160977932,4;1;SAN NICOLAS;AV. CORRIENTES;5;22;003D;AV. CORRIENTES 1530;-34.60468033820;-58.38794650540;25/08/2014;30/09/2017;38;93;http://cdn2.buenosaires.gob.ar/desarrollourbano/sociopublico/tgsm/tgsm_2.JPG;http://cdn2.buenosaires.gob.ar/desarrollourbano/sociopublico/tgsm/tgsm_1.JPG ;;;BRICONS S.A.I.C.F.I. - GRUPO FARALLON S.A. (UTE);2014;;120;http://www.buenosaires.gov.ar/areas/planeamiento_obras/licitations/web/frontend_dev.php/licitation/index/id/157;
201704;78;N/C;COMISARIA 22;FINALIZADA;;ARQUITECTURA;MDUyT;EL PROYECTO CONTEMPLA LA CONSTRUCCION DE UN EDIFICIO EN PLANTA BAJA CON TECNOLOGIA MODULAR Y CONSTRUCCION EN SECO Y LAS ADECUACIONES NECESARIAS DEL PREDIO PARA EL NORMAL DESARROLLO DE LAS ACTIVIDADES PROPIAS DE LA COMISARIA. ASI MISMO SE PROMUEVE LA RECUPERACION FUNCIONAL Y SOCIAL DE UN PREDIO URBANO SIN USO ACTUAL EN UN SITIO ESTRATEGICO MEJORANDO LAS CONDICIONES DE SEGURIDAD EN EL AREA.;1276500,63;4;LA BOCA;AV PEDRO DE MENDOZA;6;064A;0FRA;AV. BRASIL ENTRE LA AV. PEDRO DE MENDOZA Y GUALEGUAY;-34.62521840147;-58.36159318685;01/11/2016;15/02/2017;4;100;http://cdn2.buenosaires.gob.ar/desarrollourbano/observatorio-de-obras/imagenesobservatorio/comisaria22.jpg;;;;ECOSAN S.A.;2016;;;http://www.buenosaires.gov.ar/areas/planeamiento_obras/licitations/web/frontend_dev.php/licitation/index/id/233;
201704;79;N/C;LABORATORIO DE LA POLICIA CIENTIFICA;EN EJECUCION;;ARQUITECTURA;MDUyT;LA OBRA A EJECUTAR CONTEMPLA LA CONSTRUCCION DE UN EDIFICIO EN DOS PLANTAS JUNTO A LA RECUPERACION Y PUESTA EN FUNCION DEL ENTORNO DEL PREDIO A TRAVES DE UN TRATAMIENTO PAISAJISTICO, CALLES PERIMETRALES Y PEATONALES. LA EDIFICACION SE REALIZARA EN SISTEMA ESTRUCTURAL MODULAR CONFORMADO POR PIEZAS DE HORMIGON ARMADO PREFABRICADO, TABIQUERIA EN SECO Y CARPINTERIA DE ALUMINIO DE ALTA PRESTACION E INSTALACIONES DE ALTA COMPLEJIDAD.;62590454,75;4;PARQUE PATRICIOS;AV. AMANCIO ALCORTA;26;14;0;PREDIO DELIMITADO POR MIRAVE, AV. AMANCIO ALCORTA, LAVARDEN Y LUNA;-34.64558351126;-58.40101361274;30/12/2016;30/07/2017;5;24,28;http://cdn2.buenosaires.gob.ar/desarrollourbano/observatorio-de-obras/imagenesobservatorio/laboratoriodelapoliciacientifica.jpg;;;;ECOSAN S.A.;2016;;;http://www.buenosaires.gov.ar/areas/planeamiento_obras/licitations/web/frontend_dev.php/licitation/index/id/244;
201704;80;TEATRO COLON;TEATRO COLON: PLANO CORTA FUEGO;EN EJECUCION;;ARQUITECTURA;MDUyT;OBRAS COMPLEMENTARIAS A LA PUESTA EN VALOR DEL TEATRO COLON.;6353998,54;1;SAN NICOLAS;CERRITO;5;056A;0;CERRITO 628;-34.60173888380;-58.38301763620;07/02/2017;;;30;http://cdn2.buenosaires.gob.ar/desarrollourbano/observatorio-de-obras/imagenesobservatorio/teatrocolonplanocortafuego.jpg;;;;ROL INGENIERIA S.A.;2016;;5;http://www.buenosaires.gov.ar/areas/planeamiento_obras/licitations/web/frontend_dev.php/licitation/index/id/249;
201704;81;TEATRO COLON;COMPLETAMIENTO DEL 4 PISO DEL TEATRO COLON;EN EJECUCION;;ARQUITECTURA;MDUyT;MEJORAMIENTO DE INSTALACIONES Y SERVICIOS, COMPLEMENTARIAS A LA PUESTA EN VALOR DEL TEATRO COLON.;17176124,82;1;SAN NICOLAS;CERRITO;5;056A;0;CERRITO 628;-34.60170123490;-58.38255698190;07/02/2017;07/07/2017;5;6,09;http://cdn2.buenosaires.gob.ar/desarrollourbano/observatorio-de-obras/imagenesobservatorio/completamientodelpisoteatrocolon.jpg;;;;ROL INGENIERIA S.A.;2016;;8;http://www.buenosaires.gov.ar/areas/planeamiento_obras/licitations/web/frontend_dev.php/licitation/index/id/250;
201704;82;N/C;INTERVENCION CENTRO PARQUE PATRICIOS;EN EJECUCION;;ESPACIO PUBLICO;MDUyT;EL PROYECTO CONTEMPLA LA INTERVENCION DEL CENTRO DEL PARQUE Y EL BULEVARD DE ACCESO DE ACCESO DE ACCESO AL PARQUE, LA SALIDA DE LA ESTACION PARQUE PATRICIOS DE LA LINEA H Y LA PLAZOLETA DELIMITADA POR LAS CALLES FAVALORO, CHAMPAGNAT Y PEPIRI.;8245623,53;4;PARQUE PATRICIOS;AV. CASEROS;32;057F;0;AV. CASEROS Y MONTEAGUDO;-34.63873390671;-58.40672135353;05/12/2016;15/05/2017;5;97,52;http://cdn2.buenosaires.gob.ar/desarrollourbano/observatorio-de-obras/imagenesobservatorio/intervencioncentroparquepatricios.jpg;;;;DRAGONIAR;2016;40885;;http://www.buenosaires.gov.ar/areas/planeamiento_obras/licitations/web/frontend_dev.php/licitation/index/id/234;
201704;83;AREA AMBIENTAL CENTRAL;PASAJE 5 DE JULIO;FINALIZADA;;ESPACIO PUBLICO;MDUyT;UBICADO ENTRE LA CALLE VENEZUELA Y LA AVENIDA BELGRANO, EL PASAJE ADQUIRIO LA CONDICION DE PEATONALIDAD DE ACUERDO A LOS LINEAMIENTOS AMBIENTALES DEL AREA CENTRAL. DEBIDO A ELLO SE INTERVINO PARA NIVELAR SU ACERA Y CALZADA, DONDE SE CONSERVO SU GRANITULLO Y ADOQUINADO ORIGINAL.;3788184,88;1;MONTSERRAT;PASAJE 5 DE JULIO;N/C;N/C;N/C;PASAJE 5 DE JULIO ENTRE AV. BELGRANO Y VENEZUELA ;-34.61351688240;-58.37054791920;05/07/2016;21/10/2016;4;100;http://cdn2.buenosaires.gob.ar/desarrollourbano/sociopublico/pasaje5julio/psje5dejulio2.jpg;;;;VILLAREX S.A.;2016;;15;http://www.buenosaires.gov.ar/areas/planeamiento_obras/licitations/web/frontend_dev.php/licitation/index/id/210;
201704;84;EDIFICIO LEZAMA;EDIFICIO LEZAMA: REPARACION DE CARPINTERIAS DEL PARQUE LEZAMA;FINALIZADA;;ARQUITECTURA;MDUyT;CAMBIO DE HERRAJES EN VENTANAS, COLOCACION DE CARPINTERIAS SOBRE FACHADA EN CALLE IRAOLA Y COLOCACION DE PUERTAS EXTERIORES EN 3 PISO.;1106884,68;4;LA BOCA;AV. MARTIN GARCIA;8;72;003C;AV. MARTIN GARCIA 346;-34.62915117420;-58.36882712960;01/06/2016;05/11/2016;5;100;http://cdn2.buenosaires.gob.ar/desarrollourbano/sociopublico/edificiolezama/lezama_carpinteria/carpinteria_1.jpg;http://cdn2.buenosaires.gob.ar/desarrollourbano/sociopublico/edificiolezama/lezama_carpinteria/carpinteria_2.jpg;http://cdn2.buenosaires.gob.ar/desarrollourbano/sociopublico/edificiolezama/lezama_carpinteria/carpinteria_3.jpg;;ALUPAL ABERTURAS S.A.;2016;3100;;;PARA INFORMACION SOBRE EL PLIEGO ESCRIBIR A observatoriodeobras@buenosaires.gob.ar
201704;85;EDIFICIO LEZAMA;EDIFICIO LEZAMA: INSTALACIONES ELECTRICAS DE CORRIENTES FUERTES, CORRIENTES DEBILES E ILUMINACION;FINALIZADA;RECEPCION PROVISORIA;ARQUITECTURA;MDUyT;EJECUCION DE LAS INSTALACIONES ELECTRICAS DE CORRIENTES FUERTES Y DEBILES E ILUMINACION, INCLUYE LA PROVISION DE MATERIALES, MANO DE OBRA ESPECIALIZADA Y LA REALIZACION DE LA INGENIERIA EJECUTIVA.;43174940,53;4;LA BOCA;AV. MARTIN GARCIA;8;72;003C;AV. MARTIN GARCIA 346;-34.62964096760;-58.36875650330;19/01/2015;30/12/2016;24;100;http://cdn2.buenosaires.gob.ar/desarrollourbano/sociopublico/edificiolezama/lezama_inst_electricas/lezama_insta_elec_2.jpg ;http://cdn2.buenosaires.gob.ar/desarrollourbano/sociopublico/edificiolezama/lezama_inst_electricas/lezama_insta_elec_3.jpg ;http://cdn2.buenosaires.gob.ar/desarrollourbano/sociopublico/edificiolezama/lezama_inst_electricas/lezama_insta_elec_4.jpg ;http://cdn2.buenosaires.gob.ar/desarrollourbano/sociopublico/edificiolezama/lezama_inst_electricas/lezama_insta_elec_6.jpg ;SES S.A.;2015;3100;3;;PARA INFORMACION SOBRE EL PLIEGO ESCRIBIR A observatoriodeobras@buenosaires.gob.ar
201704;86;EDIFICIO LEZAMA;EDIFICIO LEZAMA: AMPLIACION DEL SISTEMA CONTRA INCENDIO;FINALIZADA;RECEPCION PROVISORIA;ARQUITECTURA;MDUyT;EJECUCION DE LAS INSTALACIONES CONTRA INCENDIO DEL EDIFICIO PALACIO LEZAMA.;10781000;4;LA BOCA;AV. MARTIN GARCIA;8;72;003C;AV. MARTIN GARCIA 346;-34.62988066480;-58.36841082720;01/07/2015;13/06/2016;12;100;http://cdn2.buenosaires.gob.ar/desarrollourbano/observatorio-de-obras/observatorio43.jpg;;;;INCESANIT;2015;3100;;;PARA INFORMACION SOBRE EL PLIEGO ESCRIBIR A observatoriodeobras@buenosaires.gob.ar
201704;87;EDIFICIO LEZAMA;EDIFICIO LEZAMA: AMPLIACION DEL SISTEMA DE AIRE ACONDICIONADO;FINALIZADA;RECEPCION PROVISORIA;ARQUITECTURA;MDUyT;EJECUCION DE LAS INSTALACIONES DE AIRE ACONDICIONADO DEL EDIFICIO PALACIO LEZAMA.;4553909,14;4;LA BOCA;AV. MARTIN GARCIA;8;72;003C;AV. MARTIN GARCIA 346;-34.62939432450;-58.36867105140;20/08/2015;13/06/2016;10;100;http://cdn2.buenosaires.gob.ar/desarrollourbano/sociopublico/edificiolezama/lezama_aire_acondicionado/lezama_sistema_aire_1.jpg;http://cdn2.buenosaires.gob.ar/desarrollourbano/sociopublico/edificiolezama/lezama_aire_acondicionado/lezama_sistema_aire_2.jpg;http://cdn2.buenosaires.gob.ar/desarrollourbano/sociopublico/edificiolezama/lezama_aire_acondicionado/lezama_sistema_aire_3.jpg;http://cdn2.buenosaires.gob.ar/desarrollourbano/sociopublico/edificiolezama/lezama_aire_acondicionado/lezama_sistema_aire_4.jpg;CA GROUP;2015;3100;;;PARA INFORMACION SOBRE EL PLIEGO ESCRIBIR A observatoriodeobras@buenosaires.gob.ar
201704;89;N/C;CENTRO DE TRANSBORDO FLORES;EN LICITACION;;TRANSPORTE;MDUyT;LA OBRA TIENE COMO OBJETIVO ORDENAR Y HACER PRIORITARIO EL TRANSPORTE PUBLICO DE PASAJEROS POR SOBRE EL RESTO DEL TRANSITO DE LA AVENIDA RIVADAVIA.;N/C;7;FLORES;AV. RIVADAVIA;N/C;N/C;N/C;AV. RIVADAVIA ENTRE AV. NAZCA Y LAS CALLE RIVERA INDARTE;-34.63017110544;-58.46685647964;N/C;N/C;N/C;N/C;http://cdn2.buenosaires.gob.ar/desarrollourbano/observatorio-de-obras/imagenesobservatorio/centrodetrasbordoflores.jpg;;;;N/C;2017;;;http://www.buenosaires.gov.ar/areas/planeamiento_obras/licitations/web/frontend_dev.php/licitation/index/id/276;
201704;96;CENTRO DE EXPOSICIONES Y CONVENCIONES;CENTRO DE EXPOSICIONES Y CONVENCIONES: INGRESO Y VEREDAS;FINALIZADA;;TRANSPORTE;MDUyT;DENTRO DE LAS OBRAS COMPLEMENTARIAS AL EDIFICIO DEL CENTRO DE EXPOSICIONES Y CONVENCIONES, SE ENCUENTRAN LA CONSTRUCCION DE SU INGRESO VEHICULAR Y LAS VEREDAS Y ESPACIO PUBLICO ADYACENTE A LA CALLE BRIGADIER QUIROGA Y AL MUSEO DE ARQUITECTURA Y DISEÑO DE LA SCA.;10197000;2;RECOLETA;BRIGADIER QUIROGA;N/C;N/C;N/C;BRIGADIER QUIROGA;-34.58628391902;-58.38545143604;19/05/2016;19/10/2016;5;100;http://cdn2.buenosaires.gob.ar/desarrollourbano/sociopublico/centroexposiciones/centro_exposiciones_7.jpg;http://cdn2.buenosaires.gob.ar/desarrollourbano/sociopublico/centroexposiciones/centro_exposiciones_9.jpg;http://cdn2.buenosaires.gob.ar/desarrollourbano/sociopublico/centroexposiciones/centro_exposiciones_6.jpg;http://cdn2.buenosaires.gob.ar/desarrollourbano/sociopublico/centroexposiciones/centro_exposiciones_2.JPG;Personal propio;2016;;;;PARA INFORMACION SOBRE EL PLIEGO ESCRIBIR A observatoriodeobras@buenosaires.gob.ar
201704;101;N/C;PABELLON DE ACCESO AL PARQUE DE LA MEMORIA;FINALIZADA;;ESPACIO PUBLICO;MDUyT;EL PABELLON DE ACCESO ALBERGARA DOS SECTORES DIFERENCIADOS: UNO DE INFORMACION AL PUBLICO Y OTRO DE SEGURIDAD Y VIGILANCIA QUE ABASTECE AL PARQUE DE LA MEMORIA.;8825149,29;13;BELGRANO;AV COSTANERA RAFAEL OBLIGADO;27;147;0;AV. COSTANERA RAFAEL OBLIGADO;-34.54249726550;-58.43586623668;22/08/2016;30/01/2017;5;100;http://cdn2.buenosaires.gob.ar/desarrollourbano/observatorio-de-obras/observatorio31.jpg;http://cdn2.buenosaires.gob.ar/desarrollourbano/observatorio-de-obras/observatorio147.jpg;;;VILLAREX S.A.;2016;;;http://www.buenosaires.gov.ar/areas/planeamiento_obras/licitations/web/frontend_dev.php/licitation/index/id/219;
201704;113;N/C;SANIDAD DE FRONTERA - MINISTERIO DE SALUD;FINALIZADA;;ARQUITECTURA;MDUyT;LA SEDE DE SANIDAD DE FRONTERAS A CONSTRUIR SE REALIZARA CON SISTEMA MODULAR PREFABRICADO Y CONSTRUCCION EN SECO Y CONTARA CON UN SECTOR DESCUBIERTO DE USO EXCLUSIVO DESTINADO A ESTACIONAMIENTO E INSTALACIONES Y UN SECTOR DESCUBIERTO COMO PLAZA PUBLICA DOTADA DE EQUIPAMIENTO Y VEGETACION.;12450513,18;4;LA BOCA;AV. PEDRO DE MENDOZA;96;5;0;PEDRO DE MENDOZA ENTRE JUAN MANUEL BLANES Y 20 DE SEPTIEMBRE;-34.62667069557;-58.35888549685;28/12/2016;30/03/2017;3;100;http://cdn2.buenosaires.gob.ar/desarrollourbano/observatorio-de-obras/masobras/sanidaddefrontera_ministeriodesalud.jpg;;;;ERNESTO TARNOUSKY S.A.;2016;;;http://www.buenosaires.gov.ar/areas/planeamiento_obras/licitations/web/frontend_dev.php/licitation/index/id/239;
201704;121;N/C;MIRADOR COMASTRI;EN EJECUCION;;ARQUITECTURA;MDUyT;"LA OBRA ESTA DIVIDIDA EN DOS ETAPAS: LA PRIMERA COMPRENDE LA RECONSTRUCCION PARCIAL E IMPERMEABILIZACION DE TODAS LAS CUBIERTAS DEL EDIFICIO Y LA EJECUCION DE LOS CIERRES PROVISORIOS DE ABERTURAS.LA SEGUNDA ETAPA INCLUYE LA RESTAURACION DE TODA LA ENVOLVENTE (REVOQUES EXTERIORES, PREMOLDEADOS, CARPINTERIAS Y HERRERIA EXTERNA, CUPULA DEL MIRADOR, BALDOSAS DE AZOTEAS);LA REHABILITACION DE LA GALERIA DE FRENTE, LOS LOCALES EN PLANTA BAJA, ACCESO A TRAVES DE LAS ESCALERAS AL MIRADOR Y LA CONSTRUCCION DE UN NUCLEO SANITARIO PARA EL PUBLICO.";4111783,45;15;CHACARITA;LOYOLA;33;33;0;LOYOLA 1500;-34.58890720535;-58.44322621822;03/04/2017;03/10/2017;6;0;http://cdn2.buenosaires.gob.ar/desarrollourbano/observatorio-de-obras/imagenesobservatorio/miradorcomastri.jpg;;;;LISTO SOLUCIONES S.R.L.;2016;;;http://www.buenosaires.gov.ar/areas/planeamiento_obras/licitations/web/frontend_dev.php/licitation/index/id/256;
201704;122;PASEO DE LA RIBERA;PASEO DE LA RIBERA - ETAPA I;EN EJECUCION;;ESPACIO PUBLICO;MDUyT;EL PROYECTO PROPONE TRANSFORMAR EL BORDE COSTERO HOY UTILIZADO COMO ESTACIONAMIENTO EN UN PASEO CON INCORPORACION DE SUPERFICIE VERDE CON FORESTACION, EQUIPAMIENTO URBANO COMO BARANDAS, BANCOS, Y NUEVOS ARTEFACTOS DE ILUMINACION PEATONAL CON SISTEMA LED. EN UNA PRIMERA ETAPA SE CONSTRUYEN LAS VEREDAS FRENTISTAS SOBRE PEDRO DE MENDOZA ENTRE ROCHA Y CERRI, SOLUCIONANDO LOS PROBLEMAS DE ACCESIBILIDAD E INCORPORANDO NUEVA VEGETACION.;13906211,87;4;LA BOCA;AV. PEDRO DE MENDOZA;N/C;N/C;N/C;AV. PEDRO DE MENDOZA ENTRE ROCHA Y CERRI;-34.64132905542;-58.35982561111;05/04/2017;31/07/2017;4;18,09;http://cdn2.buenosaires.gob.ar/desarrollourbano/observatorio-de-obras/imagenesobservatorio/informacionsobrepaseodelarivera.jpg;;;;INSTALECTRO S.A.;2017;;;http://www.buenosaires.gov.ar/areas/planeamiento_obras/licitations/web/frontend_dev.php/licitation/index/id/261;
201704;133;TEATRO COLON;TALLERES LA NUBE;EN EJECUCION;;ARQUITECTURA;MDUyT;LAS OBRAS A REALIZAR CONTEMPLAN LA LIMPIEZA Y REPARACION DE LA CUBIERTA, CANALETAS, REJILLAS, DESAGÜES PLUVIALES Y LOS TRABAJOS DE ALBAÑILERIA COMPLEMENTARIOS EN LOS TALLERES LA NUBE I, Y LA COLOCACION DE AISLACION TERMICA EN LA CUBIERTA DE LOS TALLERES LA NUBE II.;4926076,19;15;CHACARITA;MAURE;33;63;003A;MAURE 3670;-34.58303561049;-58.45012620091;15/02/2017;15/06/2017;4;20;http://cdn2.buenosaires.gob.ar/desarrollourbano/observatorio-de-obras/iconos_arquitectura.jpg;;;;CAHEM S.A.;2016;;;http://www.buenosaires.gov.ar/areas/planeamiento_obras/licitations/web/frontend_dev.php/licitation/index/id/251;
